Node,Betweenness Centrality
0,25505.133018980774
1,315.87308953854557
2,36.57690975004034
3,488.15907994028123
4,0.596586051
5,793.4065322751399
6,833.3269291223154
7,8584.998757949816
8,1320.604536657973
9,2.416872010791868
10,0.037511871
11,399.9258670551237
12,2422.462944222511
13,77.89477676050906
14,1818.6988736717772
15,910.9540218032804
16,1195.3285168540142
17,2300.180981667893
18,1466.9536145322995
19,12006.98527529494
20,351.9427334856857
21,0
22,253.19462515183844
23,2881.129630237228
24,3421.3061423902705
25,927.7645058933097
26,14.811723113314914
27,161.34048483984157
28,0.6801058693084027
29,258.87637830710685
30,541.0102389739368
31,102.70330089933488
32,633.9633784961236
33,152.65214570624408
34,326.6493690469976
35,46.668789021351785
36,2255.359386609927
37,1185.9787057684218
38,4.625214366996401
39,1171.8749587283796
40,57.95982411391259
41,25.11155176436054
42,336.3369895011844
43,10.089665108750228
44,708.7372846778375
45,1029.0268171744813
46,5852.998383109609
47,60.41223872725244
48,908.1225708125182
49,15054.608165988337
50,2.9759208115654965
51,1810.855688217654
52,11.452833794179606
53,3732.1158294457914
54,1922.864297295801
55,2284.9316136107705
56,103.86846913602774
57,7.790401534656097
58,277.0222744631245
59,15.345715044497604
60,7.482535549479906
61,193.9553978977983
62,1265.5168766772147
63,4819.854166
64,134.39205671166948
65,160.63139709959376
66,11.30043742276345
67,22.28309496380945
68,2896.7398635228037
69,432.3109014594669
70,1865.130643
71,7868.081395860008
72,2749.524185977842
73,1162.1740208797667
74,65.91019536746953
75,239.58438702720906
76,2189.876797782441
77,76.41627914436538
78,74.55810506
79,370.2522886
80,1206.3392395253347
81,4731.9183805143475
82,848.5420157575248
83,124.5939324906418
84,343.88441401675334
85,1781.478771687384
86,225.34107277663878
87,462.5215372918156
88,13.406805507820911
89,402.7687200193946
90,2888.7102298429313
91,865.0342190749408
92,335.41042489824486
93,509.4979675515819
94,557.9830497143114
95,1400.2824286876223
96,4589.220173
97,362.1053999110641
98,678.7531455595131
99,1173.893523491009
100,48.08426586126502
101,16866.66470226761
102,733.4615481258514
103,1827.6298624220813
104,383.66779930565326
105,2046.0421213795912
106,695.4851233089435
107,1007.3514015608225
108,4819.176583760417
109,112.60983890928806
110,36.25365242720184
111,1624.7022344297143
112,115.22471212424153
113,7111.489333
114,19.032013079767246
115,205.55102234570091
116,283.32942370182195
117,26.730526688721447
118,681.0486182054088
119,5852.229860961778
120,403.0436398502436
121,335.87485447495345
122,284.0667677262026
123,672.5316273268038
124,8865.849093840841
125,667.1394917674794
126,1276.020243046589
127,1004.6084076350766
128,409.8046522498671
129,4539.610985237362
130,1414.7175982407493
131,584.5813154991623
132,14.629931794634713
133,604.1266184
134,56.00489430232234
135,2762.400471494846
136,234.48017782642103
137,1720.2113891563522
138,300.68010169113336
139,1204.4777627288008
140,550.1961661617305
141,564.9482038895876
142,1005.6583808270077
143,408.5605167572014
144,377.2045349386021
145,278.8578707
146,2362.1220818159877
147,1507.791291057866
148,2060.709772011327
149,2921.058550135969
150,330.5027101
151,2899.9323110843766
152,164.58063873148427
153,0.08
154,1107.6362887119515
155,608.2354053050436
156,2279.0249545198235
157,64.72965177134776
158,76.91356167724834
159,23.23769615003524
160,5740.958853268192
161,2281.9789176553104
162,139.93815135214788
163,243.33992525518335
164,1159.9913180958933
165,1937.8125628248129
166,188.87813825217722
167,626.6876679996152
168,1601.5151611268839
169,1495.5648019872651
170,1361.2241723868024
171,911.8798548668799
172,216.9913712979562
173,985.8880863118818
174,0.37273097830339263
175,15.625585907084774
176,1383.8961538682636
177,165.10197797270638
178,2703.635042203191
179,57.473778548910516
180,340.6686402
181,1045.1504167736985
182,4396.4605784521755
183,4174.810407
184,1051.7622566243026
185,2707.0060569359307
186,265.4737499411675
187,2925.329746888831
188,640.1846115588073
189,9.278705254253694
190,0.8127448473148936
191,384.4718991
192,4676.644108488863
193,1147.6798217742726
194,5.909033925516724
195,296.34630262580623
196,3194.387766905135
197,229.52899972583737
198,604.1266184
199,3982.829622082175
200,1151.1567564215554
201,1356.8910817251785
202,3684.145615359194
203,1885.7693645998365
204,37.33647487002887
205,280.53726787845216
206,1619.0114301904334
207,152.7399952047704
208,914.0575635970469
209,128.14808073012537
210,796.2831523525302
211,1465.293143488775
212,1.5243381011498454
213,6.7949811398375655
214,4062.1935649209177
215,116.9935931
216,1807.1621114164814
217,4539.902185074274
218,1864.3510283004136
219,3523.1804802212405
220,4578.665782197385
221,325.20116033443884
222,1125.3308322768078
223,203.81405850316364
224,130.6998318268195
225,385.3003023406972
226,644.1392877244103
227,406.7654357923433
228,2700.365354824596
229,150.36723287540767
230,2180.038081008146
231,2326.2470816718364
232,1746.586916
233,650.4295218946203
234,3316.224554083542
235,84.52815488152827
236,5.159423914257442
237,2.632265766456173
238,726.9511760109601
239,93.41776532968014
240,64.94875762787983
241,553.1107082690779
242,175.2573081086047
243,1475.414012623479
244,635.7821700438998
245,1772.2864706615346
246,318.41476113189833
247,95.54857285
248,1032.0909346447218
249,45.945346679733845
250,53.818566586854594
251,684.0561917981429
252,86.32628521072692
253,31.604162507658824
254,15.98867008687719
255,64.24190732499447
256,316.1733658760607
257,1392.3529706851912
258,84.06115336082479
259,1015.3304063727919
260,96.96637388704254
261,1397.6106229792917
262,4714.982884608148
263,1509.1197774712618
264,79.70583245222214
265,1723.3356656640894
266,286.35498979172587
267,774.4230123709194
268,340.44375342144446
269,1095.8063918490277
270,38.420317102193394
271,14469.915660158156
272,342.3230486814381
273,86.36393944048078
274,536.6550926323849
275,203.92859466011953
276,116.26072542522192
277,834.0053678192572
278,999.7701196384419
279,586.9197011850792
280,669.2785959369527
281,11.531465395542911
282,6.0687929985160975
283,1263.2771666314366
284,665.4927314329767
285,1078.9563106763503
286,2302.076252368154
287,685.2152811314648
288,340.72464564486984
289,6543.872947963279
290,5061.481423
291,5007.854148298972
292,2442.9280778611014
293,579.6081272567175
294,1644.6632890599935
295,3786.884158262771
296,50.494043869159945
297,907.8573894386734
298,3792.326428260084
299,1210.5426663749233
300,3538.1689171863795
301,1784.3669525457658
302,331.4484969294314
303,462.12675050542913
304,128.2330039062693
305,0.925908145
306,6.278172545477841
307,159.5523188557026
308,2813.337998252014
309,545.5615189540318
310,614.5022717484985
311,1780.0399566209585
312,531.6257882984594
313,315.1670263809767
314,4958.172566549864
315,0.7651976708641784
316,78.73514442984819
317,58.57526960565018
318,317.9045567959798
319,1828.4300834081466
320,227.4541027760498
321,1525.9537416534852
322,985.4600562030454
323,18.43886526
324,3.6814802556040496
325,273.57296713696394
326,1001.3051418007205
327,397.9504853747591
328,393.8369711215074
329,215.24798892387858
330,1095.1182147788325
331,3277.0719992714016
332,1162.0721965612177
333,277.51637480470566
334,191.60431809011695
335,14.953767230351243
336,0
337,125.52150069910005
338,1196.5322942261148
339,4.271935346145982
340,1113.4435037952524
341,390.1184131941726
342,53.88627249001566
343,3829.299409109754
344,280.4484898137699
345,126.51650219816698
346,1313.3549670720874
347,732.0917498968186
348,10939.117086358796
349,660.6686006918935
350,942.5980993022562
351,750.0792064180147
352,2232.6121002197933
353,211.94013380685809
354,414.4019427826543
355,320.1771536489754
356,17.02708494
357,2893.091976379589
358,557.9469195525289
359,737.6177352102189
360,12.968206683122585
361,120.50219129065029
362,267.5609175367437
363,337.5164664
364,103.86220212442552
365,0.7916697970378574
366,615.1418178607278
367,12.567518043043645
368,27.309996458751147
369,255.12164246483246
370,0.49901555520583385
371,24726.356837684696
372,392.35380011084334
373,581.5285564339317
374,21.76416594820487
375,427.11249373750826
376,14.417321408687279
377,329.33109683469775
378,168.88528848274515
379,172.83315609474744
380,2304.545554527191
381,5.973303289679651
382,10.135578553954472
383,1347.5681971283782
384,18.307572316189944
385,68.33775668141836
386,390.47842091469676
387,2017.6085869298852
388,2.632265766456173
389,4455.592725744453
390,2937.216252234963
391,311.5623692394218
392,2179.872474896362
393,219.6638194780527
394,735.6007776537132
395,143.8253062733863
396,1046.3834782924014
397,195.5188721337648
398,1838.7629398357362
399,149.0692950958646
400,1962.0234503625165
401,16.274624213069647
402,333.3296126662416
403,4.2773084347032935
404,1047.8595365418682
405,44.302180786413906
406,27.573551296964936
407,3.799712276430948
408,6.107123406121709
409,28.95321340499124
410,657.9540886088034
411,192.67264551844093
412,1417.438011326935
413,20.29366225
414,498.9527895477769
415,654.0622589920627
416,1432.4237173791705
417,172.50288065712928
418,434.54876139186837
419,0.5278658094103804
420,84.54394893
421,1819.1692216083889
422,397.9504853747591
423,383.27806776181313
424,1006.637555669234
425,618.1711292990408
426,615.6193178544445
427,475.6056259829026
428,3.678103381926074
429,684.0409130970852
430,1022.9675650004903
431,2.9120688364404708
432,274.9920776764174
433,157.27992372179312
434,1612.9093031253365
435,489.5187106890416
436,285.2783137442442
437,32.70913599772175
438,4214.257580876338
439,880.0789739132754
440,79.98508513371296
441,44.31600368423868
442,856.3795239236364
443,3082.682217269251
444,1542.9931001338002
445,119.33107458584915
446,172.9108027769382
447,98.67865213672368
448,1666.3093371958898
449,937.4584551008372
450,177.54109604679346
451,240.72267904590566
452,471.8547794165229
453,150.73220948084838
454,972.9997267
455,741.8395375457122
456,1002.039321961679
457,430.7027063910189
458,4510.386466719779
459,70.36312983846322
460,1817.5553601851625
461,9900.098700769537
462,1050.5854787526175
463,2225.7384756226443
464,2040.0489427906464
465,0.17538793248234116
466,273.36437148622855
467,45.33350382273825
468,1159.3149153497225
469,232.15014506252894
470,1163.0266957324197
471,348.67720196101556
472,388.8277104
473,937.4212026168753
474,1223.2995223061732
475,452.9149396626751
476,6.2731590211550845
477,63.80757388724213
478,0.015898111550285463
479,4.127763805475872
480,179.07823066643857
481,56.05747979754726
482,421.25883438229744
483,155.57274539491132
484,75.70118628732365
485,62.30915384844441
486,1446.9951248022783
487,2975.9937483103004
488,1740.334279279932
489,66.02810163507908
490,366.4942545349856
491,30.869223490604124
492,1.0608812810234127
493,745.1660882202059
494,23.394212673993188
495,293.2431467467725
496,1720.202751568729
497,3191.6273061985107
498,720.6434694219639
499,611.4543929884595
500,1140.2150791183278
501,10.321861049182353
502,743.4494395736566
503,4.311710836288636
504,1186.6140425402875
505,1454.7920869169425
506,2844.224222746914
507,4214.315654934786
508,213.99509817356645
509,598.6625572566677
510,496.43628593068587
511,546.1842451873308
512,306.2058646
513,1662.226191145756
514,1365.56264
515,29.332166776224526
516,861.3068814281808
517,264.6238046289759
518,415.8159840050944
519,171.92195650341566
520,655.5454744653346
521,3.462066373330334
522,1801.6995805007136
523,2728.500391433852
524,355.44911936651977
525,1930.4408450303695
526,1279.8020455359554
527,514.2617601354206
528,2188.5695294959473
529,13.186127278754078
530,569.8882097603529
531,664.3346525792638
532,324.7973218515225
533,1689.595437247954
534,747.2304785433183
535,18.15196586224874
536,2782.787327911301
537,706.9596117885477
538,3066.3276021444894
539,818.4592606061346
540,654.0238507841082
541,77.58606746100504
542,1.7379955675260816
543,1097.1306772744279
544,200.1265420460443
545,23.546894472415424
546,466.9741841933426
547,810.8929167279632
548,1400.0672531739415
549,608.5171859790571
550,5565.190568634649
551,520.4250622982297
552,6.0178829905552265
553,2351.3969692727183
554,403.51298949559236
555,549.5558413915679
556,20.99458325325119
557,323.5841122523866
558,186.25386967360467
559,1970.9780813325547
560,1921.7547992751754
561,285.98165086424467
562,716.1336838837493
563,1046.5382034605525
564,8.653055274534456
565,106.5627794847489
566,4.683781961455975
567,115.14427522989362
568,3052.601944616274
569,315.3672958311355
570,445.41299149902085
571,2504.008368770123
572,2077.833197450971
573,656.7273935123259
574,1125.0146298765924
575,232.15948021441437
576,189.3326709757406
577,106.55763718680703
578,57.22023232631404
579,30.695271772752665
580,42.304664046234414
581,27.24811024670547
582,345.4593468925948
583,195.5203716473719
584,522.4899904433489
585,851.7665629097521
586,86.05851931940445
587,3.7383079577154716
588,479.2343755054072
589,316.15886295658305
590,354.04666482863735
591,182.1906701922575
592,598.1185245353473
593,52.371591263438596
594,21.618354580269436
595,4455.019618046996
596,4401.739314448203
597,577.2742573593155
598,1520.047268995917
599,82.53458088328047
600,1002.2425417318973
601,0.1949856333776225
602,711.5457933312126
603,161.82074338080085
604,311.0503495
605,275.9043946938718
606,632.388297
607,1.5828218840454458
608,1.1127556389716782
609,167.58799176479317
610,683.6148461
611,114.77725695408735
612,1064.367353861309
613,294.7260456242737
614,50.75410863220602
615,1966.2249075411416
616,714.6144164081145
617,6173.528224093864
618,71.36224859687432
619,243.8266531103337
620,1150.086425684492
621,4674.025589852046
622,3423.278218713568
623,6033.982600797356
624,1349.6792172613111
625,6679.3202532734185
626,1083.9713108069907
627,27162.93458
628,119.99862771252594
629,386.36387997185966
630,261.35142943879947
631,180.38198428182264
632,215.40585752631122
633,2157.5766422726815
634,1.0498775478846842
635,912.9025575763857
636,2.329312639887695
637,2169.872769258723
638,16.418333786047814
639,18.805217321357894
640,274.61129969767916
641,479.7456268634139
642,490.89941669705513
643,1.5069118235594567
644,1581.3042027732888
645,2659.0569798194465
646,159.18770870287287
647,2629.4991676660225
648,1756.8239474831244
649,1300.5283110120706
650,39.94771934
651,0.8330135675699163
652,47.917489825974556
653,42.090106468989426
654,330.1481991350913
655,1731.1117095368857
656,68.45340334247747
657,21.72324525523595
658,79.25798558140707
659,227.51418742415453
660,3906.053680963735
661,2126.344470831488
662,1387.2548422419093
663,469.71040653513006
664,347.4945286059605
665,412.03493308954233
666,1286.5299546971326
667,1292.4353554886131
668,63.876757304553514
669,668.6004230194403
670,396.08208604330173
671,17.92643229522847
672,114.41479272093918
673,1352.8689793220321
674,2249.048065856777
675,258.54077881595134
676,489.1180494826881
677,2213.441177
678,0.10395358103367261
679,1384.8193470756717
680,12.57794861496842
681,1848.638322
682,758.8137995147382
683,597.7279522557419
684,14.685725555451763
685,179.3161648378204
686,56.13821409371635
687,2159.0717301886502
688,490.7993166105439
689,1846.7374886532305
690,471.15885815738886
691,762.6425271507617
692,1491.9694942826136
693,204.72578741913443
694,1.8931476739236652
695,79.73488039608672
696,207.21155154879855
697,15.474660945510246
698,190.9760764621359
699,515.9231913825068
700,1676.969063040261
701,115.92645420156357
702,144.74577937298918
703,1141.9532962014123
704,312.92089180051204
705,175.91128544096176
706,0.6846536695695599
707,1.3284814053290477
708,279.24059780437017
709,391.9417705200924
710,711.4139402
711,525.4366921
712,1899.6538083413704
713,192.33976378638377
714,74.12940834415717
715,295.3275926258273
716,179.85280295326024
717,1.6145375916199831
718,390.4735165911276
719,5.183421134766336
720,74.62717162785128
721,59.32537575539595
722,1477.6482514658915
723,535.6782068301256
724,506.2308534291899
725,380.98200755735564
726,131.8130610170215
727,448.71133037983486
728,2789.708536415765
729,242.4434436107307
730,401.0254387186033
731,1108.4339939233025
732,21.765363656777005
733,305.27501952831443
734,919.4966495943343
735,376.52061159230715
736,17.409166352383103
737,3462.2996173390543
738,33.792905
739,16.199166462836953
740,839.5581059296828
741,212.97731594397146
742,148.48827823210206
743,880.849272
744,269.38204995019373
745,410.39110183342893
746,147.76704794647424
747,11.488947331590253
748,72.89506530439793
749,535.5722573422635
750,2512.632904150454
751,12.820453021937858
752,63.516073929988124
753,489.98297703488475
754,20.79540335767241
755,6638.435787953576
756,9989.729187243762
757,2099.617559246128
758,197.84623006197495
759,721.9687715882059
760,9.265105605403535
761,36.983321977643236
762,800.4522706595384
763,396.47389023607997
764,486.83218340284157
765,276.7043437
766,599.1916698795063
767,1467.2847658227977
768,0.35189758049671105
769,784.9236160383323
770,812.0128675762783
771,1006.6529205576268
772,1252.9640999359328
773,38.43536748581576
774,1825.431367024661
775,5773.145502087055
776,462.7376336527603
777,98.45988824674447
778,251.58803499275524
779,92.09653722880505
780,364.7767098476954
781,203.96094923917687
782,6821.666016137475
783,5785.877899475793
784,0.4040708089900183
785,220.8182279
786,650.2821037
787,463.7846000820276
788,145.7401688896176
789,1804.8978752625248
790,1714.4408172862522
791,151.0303595060409
792,1849.9160953291157
793,71.02671098334584
794,591.6852080394734
795,1179.7030464711063
796,230.39171845487544
797,423.7355873340491
798,944.0933375014557
799,436.45191529935363
800,3732.488170571553
801,381.52454431460717
802,22.509622966617126
803,365.82303605612566
804,6757.072621347941
805,2664.466417896484
806,82.02913170046503
807,1013.1490051371798
808,1066.3703736909772
809,7421.323343349037
810,1295.6583144639055
811,9276.108848
812,31.509948238108645
813,966.1439589932677
814,24.871472099598957
815,1023.3027843968113
816,1562.799019509278
817,801.5956046809845
818,4202.043336850512
819,1295.9641981334607
820,566.3304418034451
821,305.8115461796959
822,198.1306246923727
823,327.32018616508657
824,88.48562485321605
825,564.2065495944174
826,854.2337359845051
827,2077.5050498937985
828,1039.0005862679407
829,6.136075285011506
830,104.33356946813426
831,115.38036425219872
832,1807.1714323129447
833,307.34014635464547
834,713.6150970856095
835,235.37552953644897
836,2488.8525822292295
837,44.24113147367001
838,1280.6355974891117
839,94.58783286
840,20.835841710561063
841,1.932516508094611
842,67.70843914273033
843,153.21607678342554
844,0.877013178
845,24.74270063543432
846,28.140380027161424
847,372.30983961604534
848,1033.543658127481
849,428.5459561019802
850,3238.445784004163
851,5193.224886376607
852,131.37541675197133
853,37.16717240250966
854,2053.9327030299655
855,685.1071921
856,1.469902951087766
857,13.110990479218493
858,350.4775203007488
859,569.7441790035602
860,20.435956216350913
861,2.6417104308945127
862,405.75553291970834
863,36.31302744592142
864,158.64274733263593
865,1098.2073836218256
866,237.26701167406557
867,1115.6838912261733
868,534.5399185370002
869,11.332474656237466
870,143.54164180459398
871,1578.5040571319328
872,111.81703705387217
873,62.684596290383254
874,497.4664587644533
875,370.69333705437936
876,1432.0114030080101
877,44.16728736088714
878,1741.051931354894
879,343.8808098
880,30381.137785390943
881,3937.8668838197796
882,1660.4145665288772
883,1764.004581
884,2583.1858831914546
885,965.5270441557548
886,13530.850495054681
887,4402.336084792231
888,4505.533778529836
889,31460.13706840102
890,551.4473971629147
891,69.45650558779688
892,38.234713906135084
893,60.51372172977257
894,1837.0933481201596
895,388.91214237952454
896,1349.1844084174634
897,134.0406439231864
898,1094.6418172114884
899,3982.629054929495
900,873.9027453451243
901,877.4530930150152
902,3.5634526550307926
903,618.3358036
904,1844.4230078373007
905,923.2194421401048
906,13619.272965287453
907,4619.9265620839515
908,293.15637040963924
909,97.84733406818413
910,5985.239688001639
911,437.04400540960506
912,495.6277412148828
913,381.5407038017222
914,2343.9263207364643
915,157.46009802471528
916,307.3152833770374
917,7939.695416566949
918,3111.4106310933626
919,1443.2238773441602
920,2302.886017439681
921,220.58547150038157
922,6030.977691
923,862.0217283005628
924,204.4690917587026
925,2.4538448493639184
926,56.19542605302569
927,1422.8482608325144
928,1755.4574022456059
929,8.664135762
930,708.3673428
931,2031.0317581237475
932,2369.8621973980908
933,4864.154778163182
934,655.5091120013125
935,2071.1361866381767
936,13.753432172889829
937,3290.289146004251
938,123.84768844254664
939,300.54015463299737
940,86.89656704257986
941,2180.9028802841494
942,1920.9445087272313
943,52.11549186273376
944,8206.820456768515
945,3980.2365550167715
946,3725.9427832443384
947,198.94572940668678
948,1084.6154207168256
949,283.35977727914525
950,20.461014919965585
951,879.3919441045664
952,81.89770324188373
953,678.7666101235409
954,229.07630684258555
955,1360.6970807009986
956,799.8402553
957,364.1154400698664
958,1981.9514993265414
959,6226.071842060805
960,78.59958825120665
961,2.8514641247704096
962,288.3439881
963,21.100046300320557
964,1256.5066170225275
965,259.9543818070941
966,2604.4783250208507
967,1604.4091726457614
968,1947.5625697179632
969,15.876388063941498
970,2293.7865702651907
971,143.43378386815067
972,153.2894753168729
973,319.05201819614746
974,260.35609362672204
975,209.23130938518472
976,1.9818473419195173
977,576.1320569480775
978,606.6696127287173
979,513.2621134279391
980,1182.2726797510445
981,832.639673
982,1402.0865691870347
983,1049.5504528085355
984,356.9196177004786
985,13211.398084766734
986,9.200217691401843
987,0
988,1064.133531
989,114.75801640900987
990,281.05433081031674
991,436.0032249394412
992,685.8806729301958
993,2276.2564678321587
994,7299.502690098553
995,538.4107977588845
996,465.89679278272985
997,1966.2780733075247
998,384.70374977398683
999,1099.5735558781873
1000,404.8279378529927
1001,0
1002,0.2498823806757391
1003,451.38191614636935
1004,239.5560819340613
1005,1453.0939391050126
1006,153.76106513884295
1007,372.85567158637014
1008,182.94666333233317
1009,32.73160653563908
1010,5590.732148
1011,1211.4359883706193
1012,30.02508781983882
1013,517.4297491
1014,1449.7535628663547
1015,1296.6631828319873
1016,114.21173790822603
1017,4504.239869008414
1018,759.6015987708103
1019,197.7591596984755
1020,2589.2934403226195
1021,1357.6853278259732
1022,535.8430805738653
1023,543.1800869888153
1024,2190.0719185039384
1025,235.8928343253888
1026,2562.455873
1027,806.3635444208054
1028,0.5565239136440021
1029,573.4087161296931
1030,477.7788830106614
1031,387.6612227900049
1032,453.4329987741223
1033,5836.713289317043
1034,1787.1671487676733
1035,1374.9452965518212
1036,2034.3462493494603
1037,2715.062077501294
1038,311.7914065326894
1039,16.40233288407216
1040,756.6523563
1041,1269.8050474274191
1042,2211.782290501133
1043,241.66599810718108
1044,2164.604076797198
1045,603.5356394215044
1046,430.01845382031314
1047,32.19047924368829
1048,1290.2991727275235
1049,1066.6182898348818
1050,214.35358966190233
1051,452.9716924126327
1052,4884.118754
1053,3099.4292171101606
1054,113.07449682194475
1055,0.23858344767410258
1056,804.1394912434308
1057,10189.906000126559
1058,77.52398501289113
1059,207.8475894053261
1060,5.613640452246401
1061,673.8859142850974
1062,2282.1177289473026
1063,738.7445243
1064,221.17342144233984
1065,62.23536701
1066,157.63626291328808
1067,582.9077259173014
1068,2347.7636125839385
1069,251.9355125081465
1070,6.2340558302498374
1071,1110.5749560869576
1072,1339.1490063380518
1073,733.3525888667579
1074,3522.7929232175384
1075,1119.0678170336664
1076,289.7583623596685
1077,1444.4761935939455
1078,1.3385354285763207
1079,776.2133485737355
1080,30.753013368097953
1081,1427.400054744005
1082,1153.1237882367711
1083,1683.937550466338
1084,5270.113919058579
1085,1776.7412890462253
1086,942.1552323916676
1087,907.8700691747039
1088,26.188356473380416
1089,1529.6056525718195
1090,924.4666782321518
1091,216.36263076737362
1092,3.677618939062979
1093,282.51352042870286
1094,2358.128495698241
1095,620.4259858696311
1096,14.457223258930105
1097,1834.999798589095
1098,330.1082905
1099,1417.9194893517433
1100,1359.1022406254544
1101,67.70687554377257
1102,4106.6745673860305
1103,1399.5514576267858
1104,117.27782989807021
1105,572.6335597698146
1106,218.04432792378208
1107,4.523686254097543
1108,126.68603952211869
1109,2.9334107155513087
1110,789.6723389601043
1111,523.6702750378934
1112,316.29134387940576
1113,908.7790367895312
1114,2141.020910514781
1115,22.301440137962263
1116,10.250954989327557
1117,263.73388591512855
1118,547.1350834387006
1119,128.1156730491161
1120,131.7999147511133
1121,22.943864545021082
1122,972.1784440066061
1123,666.1100756408727
1124,29.123922129668614
1125,1923.2557119700753
1126,490.0060372358405
1127,663.2218007634933
1128,814.8445409581792
1129,1215.7227304108205
1130,437.9216630015204
1131,86.91872984243314
1132,0.41975965251596065
1133,1202.726235532868
1134,4798.029019181057
1135,241.94397806215622
1136,326.4681405467914
1137,1232.9506103053825
1138,1173.7876350757012
1139,4284.540709135053
1140,2.778976976546321
1141,1651.014346154305
1142,1269.3786779535344
1143,227.48368821098882
1144,249.5256870887585
1145,1691.223922180709
1146,467.95873988242073
1147,1158.0668243093846
1148,6649.719987019061
1149,10390.761055704163
1150,1666.5552394207466
1151,580.4387848639511
1152,3607.4134857102604
1153,550.5814337179576
1154,636.5563749406302
1155,135.58591528553927
1156,2448.2924388797364
1157,597.5986759101346
1158,1238.7070982605273
1159,384.9003190328855
1160,416.98782322451166
1161,211.9254780960501
1162,1368.017226201485
1163,7298.8935498759065
1164,541.8965417078498
1165,4.476674600153739
1166,483.31377214290154
1167,157.61406632293912
1168,3333.5031953295274
1169,2652.146365404909
1170,307.2399674011589
1171,1205.929712999586
1172,1817.4772612380486
1173,102.96259690728313
1174,12.713282624865759
1175,111.24357850490598
1176,167.65839674327054
1177,530.1805179178231
1178,1080.612225453494
1179,39.907721895370685
1180,126.83961614273015
1181,13.658399884301796
1182,7.013365454
1183,0
1184,7427.287699175939
1185,13.583955260079824
1186,11.84348830391075
1187,890.6505645346288
1188,637.6707208075934
1189,1845.1429545642338
1190,3.0283923
1191,1482.1090461363997
1192,2233.4246915875283
1193,2190.296653834757
1194,1599.351803145238
1195,1311.2657282695689
1196,1.2055754354217276
1197,827.9441298760739
1198,2280.4600727788065
1199,2182.850202435712
1200,6134.295962527662
1201,451.9690067516671
1202,19.886318859060456
1203,154.3248003
1204,152.1438371254513
1205,71.52981754812888
1206,1215.2284274230963
1207,1972.9587067578996
1208,288.60321113529426
1209,245.9192387524104
1210,4891.581747223413
1211,11008.651356551962
1212,6876.010651543854
1213,1030.5714860646783
1214,933.7332607528526
1215,3702.364772
1216,132.63662434765052
1217,27.927805965701996
1218,705.6146771857522
1219,56.75505549673989
1220,688.8131062777447
1221,201.9808989
1222,577.5340340401019
1223,1732.1658805466284
1224,3330.811681308519
1225,1751.5714885186733
1226,5613.001208770478
1227,4143.278736
1228,750.6599980268287
1229,330.0051352140408
1230,674.2806812
1231,2410.4347485476947
1232,155.72020045000065
1233,1399.6932072404236
1234,77.54247783025474
1235,7771.643109839134
1236,1418.2133032954428
1237,2931.0519770452092
1238,14.982244685950693
1239,340.6009885615441
1240,321.35082851161013
1241,153.6873775737003
1242,5.825155854
1243,250.32770743490954
1244,55.082923590799005
1245,397.4377985215981
1246,25.85313481238494
1247,186.03868434499842
1248,140.92004173698086
1249,2260.5048257781045
1250,270.0766665985985
1251,226.0806287243598
1252,24.421386060085748
1253,174.52043707686957
1254,36.6548654
1255,2687.1554539113713
1256,1175.9519034615512
1257,580.6013860593278
1258,2062.968259230931
1259,10623.000539355733
1260,165.65895022802883
1261,57.11949871752713
1262,845.3493653343326
1263,2469.0585529768123
1264,5840.691071897964
1265,620.7472264469608
1266,866.9762720824314
1267,2.071573165652987
1268,1298.488713604601
1269,9914.013538611258
1270,143.73281774588176
1271,440.2432128706161
1272,1614.7450890468642
1273,17.18752824505667
1274,1540.2036860911203
1275,52.88935110791745
1276,187.58839399031297
1277,307.69814737644845
1278,404.1561510201371
1279,799.3506198932953
1280,2135.732860594076
1281,139.83188167233516
1282,100.95979515665604
1283,264.0035682089169
1284,75.80627165246729
1285,195.9270179734687
1286,67.56693690997302
1287,1346.1527222068075
1288,2242.171001859868
1289,208.6015043111037
1290,222.10985819817662
1291,187.4376813957129
1292,1350.7234302263578
1293,12.179626648914523
1294,1549.0805480305426
1295,397.9504853747591
1296,3399.9388516435147
1297,625.6895312836973
1298,930.4031226
1299,7.0058855105673015
1300,18.841593593825326
1301,1344.9244291359041
1302,769.7181997416479
1303,5865.717805755413
1304,1624.4873449637596
1305,1383.130098976097
1306,1669.1185159392749
1307,19.46600083072957
1308,1123.2937784238713
1309,138.88799785292142
1310,4055.4219033759664
1311,840.7735706536375
1312,2501.551374804152
1313,238.4434128624512
1314,1253.8756179358677
1315,798.2995765998232
1316,287.6591694896027
1317,3079.0487037021676
1318,1016.4792443569971
1319,14.908984730057284
1320,6.992714443616565
1321,4476.42208
1322,445.9381906
1323,2098.9472101365873
1324,1045.4651688876622
1325,339.0960741035579
1326,515.5567335916504
1327,121.32927017815902
1328,1186.5019221855744
1329,2370.0730997067744
1330,1383.606160619118
1331,1796.643094833314
1332,108.5105118
1333,3483.155496542642
1334,580.5765231986938
1335,9.363589104944674
1336,14.136216772770618
1337,7.393613822892284
1338,245.8697134606292
1339,1540.5269734637943
1340,1049.446165773983
1341,913.5597126391301
1342,17.683888731206014
1343,235.61922698175746
1344,144.87759496285418
1345,13.11288653765555
1346,4421.927500647225
1347,889.6670866041004
1348,493.2630332165408
1349,2228.2419181036084
1350,0
1351,287.3734074050984
1352,13.353612211648585
1353,661.8196167589756
1354,1292.5984416513563
1355,1697.6124434061605
1356,854.9419971858398
1357,654.3766068304128
1358,1305.6281414330597
1359,585.0020632117609
1360,428.17498063218153
1361,33.72714190274566
1362,702.7180419
1363,7.240202441609657
1364,2.9867785515389373
1365,1637.610169831019
1366,19.074081326919096
1367,1694.4893643757812
1368,1284.5933840962566
1369,2286.720491
1370,227.5177876941149
1371,449.0568253163216
1372,484.22711741721184
1373,1039.8568465978192
1374,1088.2391250314326
1375,159.65333950432495
1376,1.7009615200233252
1377,96.10401589
1378,155.39817687269556
1379,1135.1700622054877
1380,319.7112696609554
1381,533.2356020897836
1382,768.6825752481031
1383,1803.0561083624818
1384,441.7647972958968
1385,1171.1814836474787
1386,106.2012340738035
1387,207.02408468957086
1388,3483.8117734222783
1389,8.293148166935518
1390,488.87830612787087
1391,247.32250486577567
1392,385.25996532682683
1393,1007.3270099911393
1394,1093.1596366445262
1395,2.2990874281118834
1396,1162.0824310815594
1397,148.66520849898268
1398,935.4890885217153
1399,79.36619669782476
1400,5234.476928039977
1401,857.4255568812337
1402,1197.4138933208008
1403,1373.1907300303749
1404,32.64150683225059
1405,888.0812939032097
1406,703.0964727034698
1407,2760.4503801922233
1408,43.170724717935535
1409,37.87309784550672
1410,3704.4967904591254
1411,187.18240175294176
1412,1190.7423166299736
1413,10.958107160640933
1414,721.6808045270383
1415,90.76375927726373
1416,4.539174787944487
1417,65.00950733304501
1418,659.1509783855632
1419,122.91832094066827
1420,2867.5459885512278
1421,785.7382576228997
1422,13.907515747553038
1423,786.5014402
1424,1211.9965395409613
1425,225.5424524305334
1426,508.13386931312607
1427,453.2033619082095
1428,136.46355236962535
1429,446.1740259276902
1430,442.86758999117126
1431,1715.702693450671
1432,2659.008302
1433,1167.1460871010445
1434,2177.5566393032814
1435,132.16969625419802
1436,150.09319194899686
1437,1547.132571878799
1438,4132.900413585322
1439,1303.8205510491143
1440,2080.285020716846
1441,587.6219180148123
1442,95.40033962425437
1443,196.5659859241642
1444,397.4173080702924
1445,1122.8447506356235
1446,667.6141228201352
1447,72.55888276167575
1448,185.82790710901074
1449,458.75745870034314
1450,436.6042762450923
1451,2601.1216300027413
1452,1560.8470009206787
1453,165.6492979220428
1454,200.89122656094318
1455,1137.3053056194942
1456,415.0130827475287
1457,67.71395958780985
1458,1125.5386438153644
1459,600.1412486359204
1460,697.6976904975713
1461,220.78717092529425
1462,9.565766559493548
1463,1292.1919915794626
1464,1674.2478854184285
1465,903.6122311775182
1466,315.89876276599995
1467,953.7945827805202
1468,13.92249163949524
1469,169.40027705414312
1470,1967.405554727799
1471,809.0213378
1472,373.7359248267856
1473,997.9058500104182
1474,904.9124692103416
1475,1036.5220576325664
1476,1030.897986332201
1477,250.5724626399634
1478,541.5334284927409
1479,123.51836465935533
1480,68.81593147155967
1481,1644.2674863797336
1482,3064.7690830050065
1483,17.362386879199605
1484,231.1164183963158
1485,6.816033355702138
1486,779.9528558998345
1487,6.315127267916082
1488,5.098586829
1489,13.032722971138895
1490,2018.056355118684
1491,393.39517404392217
1492,40.539345550074444
1493,1400.4087663278883
1494,1003.6961803462037
1495,74.58315162180817
1496,622.8995924
1497,250.10435612075042
1498,5.905116072758054
1499,505.8915029865867
1500,800.7799618239437
1501,161.75160277796223
1502,71.01113377731981
1503,25.592348500124434
1504,98.20482502028646
1505,669.5442235657541
1506,499.7116515136269
1507,620.7221505250575
1508,1.496959215538945
1509,2428.0042003351778
1510,15.909960893077203
1511,2.043375569
1512,916.6948878361279
1513,0.9586860522488264
1514,214.3400987429859
1515,955.5994198138958
1516,549.1204165909257
1517,304.1249755104382
1518,1243.189476
1519,598.1660902263621
1520,814.4411319906565
1521,909.4017608
1522,2002.4556044979358
1523,1455.5814369858936
1524,4912.094112653866
1525,1.3507641076323402
1526,23.471624280018343
1527,734.1540593895833
1528,3053.4328095384685
1529,989.2254885725905
1530,1020.4222699079547
1531,1804.3792405038282
1532,686.1597
1533,2104.1757799131683
1534,3402.389341167254
1535,1645.7187956281184
1536,27.252462412272635
1537,1360.3194424322694
1538,326.4872303298164
1539,0.013759602833237038
1540,2887.733570890644
1541,311.1538495
1542,345.0873736514776
1543,795.1546540643149
1544,1034.8604347697483
1545,16.085921335024306
1546,986.1927419538562
1547,430.6873428934163
1548,96.03748216581491
1549,955.2428934027724
1550,164.9089930976209
1551,13.246097099956184
1552,4.199628152085306
1553,30.652148584091726
1554,131.33865974459468
1555,3611.842851566905
1556,1744.133801594687
1557,184.1612555854094
1558,8.175709915237167
1559,315.71741106837203
1560,143.79525694071353
1561,2902.5198242472766
1562,25.159097681414757
1563,72.85483406615266
1564,2292.635925808542
1565,776.7499373764414
1566,467.20937762397386
1567,5316.545256708881
1568,57.97741034685336
1569,1613.3819237344135
1570,51.17934861893282
1571,1032.1840072242076
1572,98.37980367577526
1573,1566.8025717824232
1574,1329.7304799048488
1575,113.11791910927211
1576,222.94401678719817
1577,239.0641543825591
1578,23.733083388974777
1579,303.02674976839126
1580,677.4680748993726
1581,727.9464543492188
1582,9107.995463468098
1583,546.5763192825879
1584,1680.6462697511136
1585,1.4737514475051081
1586,43.45278414
1587,3206.7123556374863
1588,910.4911935522684
1589,4115.989833
1590,109.42852788962584
1591,32.33612370078811
1592,5505.652752997375
1593,1678.2587347723504
1594,795.9296245943401
1595,20.101200714977857
1596,338.6319158652301
1597,5.973648482980877
1598,29.400912781156634
1599,320.48983520902624
1600,933.3019682389752
1601,1.2055754354217276
1602,1644.2456809207167
1603,2971.3286699185883
1604,266.3476071270973
1605,48.20353456664955
1606,278.2362635823569
1607,1038.9392676471105
1608,0.011299435028248588
1609,397.9504853747591
1610,623.8279318472402
1611,3305.420966632202
1612,4169.943922978959
1613,33.87988698
1614,397.9504853747591
1615,1976.083574250561
1616,49.37864383499166
1617,61.78695690516124
1618,244.43508735293656
1619,1594.4873518035215
1620,156.04828815769412
1621,645.5767170786925
1622,52.74151823297955
1623,14.857734918410632
1624,1593.2248007532285
1625,161.35485005775368
1626,832.3245266918706
1627,311.60948308718355
1628,371.5163012
1629,1.589348327532726
1630,530.7940699976117
1631,0.6597036641165099
1632,138.87648986993204
1633,1717.3371373689158
1634,1007.6722259510459
1635,291.84397388476947
1636,2739.222932189087
1637,313.5514989433264
1638,339.88365645226094
1639,0.076930304
1640,944.1825887202559
1641,2663.947176
1642,54.429336881430686
1643,1405.29959
1644,12316.696725680855
1645,21061.490479615884
1646,145.91046614478665
1647,2265.8687666528135
1648,182.64547466347233
1649,3438.798772823231
1650,163.80850176293748
1651,405.34855913062415
1652,1472.0519146679017
1653,1535.8849332777565
1654,11.770644835518137
1655,489.0801568671896
1656,282.5522842
1657,133.1647367095558
1658,477.5765072376789
1659,99.94478310123029
1660,2676.158005030775
1661,1590.629965044943
1662,160.19562236030438
1663,8.676839842988043
1664,259.64140914627757
1665,1411.4668207346213
1666,272.5555695397016
1667,5302.483962638057
1668,18.244261533138577
1669,107.65192075567691
1670,853.5867966417762
1671,245.2255081609602
1672,1575.2999326579736
1673,1368.4282371097545
1674,133.35775268166464
1675,72.94174348271419
1676,686.9116907082432
1677,751.9283167556706
1678,5660.893143628254
1679,3012.729316141002
1680,936.0717857468178
1681,15.44816314705341
1682,2281.779438164782
1683,288.04601663888707
1684,751.3122673492703
1685,7.771428007632469
1686,266.36071507830155
1687,434.83530154277065
1688,473.86591180849206
1689,9.744771801165816
1690,253.45594991066176
1691,4.947244632278627
1692,6.551012594499748
1693,333.017686
1694,958.8202273529462
1695,481.84637480986834
1696,125.77748197027451
1697,133.54243513213515
1698,337.61345355144744
1699,1008.6657242201214
1700,241.38331314676643
1701,455.2298523099366
1702,339.03393610614273
1703,597.3525265557543
1704,145.61203345682446
1705,0.6422241959457801
1706,53.078893883881534
1707,2080.5329901243563
1708,3850.5235873115776
1709,15.50229675124981
1710,36.580333441994604
1711,162.07820046168965
1712,635.3253622827111
1713,1884.1372766341356
1714,279.9602453699405
1715,1035.744168720527
1716,168.88488881417027
1717,485.7188493937409
1718,145.7515069344779
1719,10.203111953496139
1720,592.1937580808134
1721,14.138170760620833
1722,419.23019776307603
1723,1261.6880566435568
1724,132.04308695348973
1725,0.4761414985361234
1726,1638.7577461305539
1727,9.613048471586138
1728,321.0365645342994
1729,811.1718011767357
1730,889.8766061040001
1731,1669.4504598764129
1732,2596.687326526955
1733,554.3537411
1734,3599.5484702323356
1735,356.7515062444113
1736,1078.4149199981466
1737,156.3848046
1738,2.7437391592074922
1739,3036.114818098194
1740,886.0981639837432
1741,3025.191180901028
1742,1579.5218499495577
1743,207.05729945481738
1744,898.2241003780351
1745,2062.6823918038785
1746,77.32209289710141
1747,102.91324100791529
1748,750.5133043038159
1749,144.87759496285418
1750,140.36551934047404
1751,96.58910830967085
1752,291.92484358765716
1753,1398.4520817918878
1754,236.75760976863612
1755,475.55479977776156
1756,2483.7868060632154
1757,3.583391603646843
1758,912.3520032745556
1759,1.133458876771349
1760,772.2358468131238
1761,61.58861682479727
1762,1236.0389011360116
1763,745.5922995523686
1764,140.29238608832011
1765,0.071340814
1766,0.077280859
1767,13.42607025037083
1768,2338.1276402347894
1769,0
1770,2.2513634187759433
1771,8429.542247
1772,280.1392001838566
1773,10383.451949663458
1774,4342.741310376211
1775,1876.6613661609438
1776,15452.457291599687
1777,2660.049306154825
1778,707.7705416902992
1779,165.04897520168228
1780,135.69985653964883
1781,669.7026768
1782,2443.010816432178
1783,4684.2707395448415
1784,632.4244194073168
1785,532.9444156337637
1786,134.21577795076314
1787,6131.680681019248
1788,190.88020579836322
1789,4095.5958286794475
1790,1509.659895598384
1791,417.5916824414214
1792,3.699904880525358
1793,2512.842310874391
1794,44.88423843599337
1795,946.4275108407725
1796,347.0322056
1797,17.23182574963799
1798,137.8288664124278
1799,3685.7232419157926
1800,279.0575611131177
1801,0.28809048653258096
1802,1188.506660683506
1803,3129.7229435676077
1804,10453.966895075735
1805,1561.3205998614046
1806,567.626525
1807,8600.734056317324
1808,4223.210768586245
1809,5681.380854432518
1810,2144.6119080473995
1811,84.11356678430941
1812,9833.214499224134
1813,0.020004501
1814,2354.8266402939257
1815,735.5549157892101
1816,2159.1949045386523
1817,177.95957937563372
1818,2837.8594994840537
1819,96.02394004442112
1820,6666.999683652208
1821,2716.1680589668717
1822,19.922207277940498
1823,1338.0490143279371
1824,557.6942312
1825,18351.78679205092
1826,11221.55609285709
1827,1037.6270184388286
1828,94.64741725790357
1829,748.4269689262431
1830,11769.917974654089
1831,5479.888582434608
1832,867.2162734825173
1833,3429.375656
1834,8557.083141096567
1835,8984.817889
1836,2575.951829889267
1837,432.8839804319212
1838,41312.109544414154
1839,107.12266555987976
1840,1243.1514020020932
1841,110.68540831853181
1842,8880.556910119405
1843,7619.675764607441
1844,25869.06177732122
1845,11877.659323284814
1846,9060.814572675681
1847,22709.715251750455
1848,11139.61666196923
1849,98.0835875
1850,441.8344428611983
1851,26124.32178384724
1852,13735.538871360386
1853,4299.920201898362
1854,1316.6251742425036
1855,1963.3250231153322
1856,8490.799171994751
1857,5412.580286521615
1858,20147.27015420823
1859,28134.351218647498
1860,4098.625315769465
1861,13218.487201839911
1862,932.6133641451896
1863,5708.191045718642
1864,7786.193843958769
1865,22449.556705385265
1866,6481.368931334359
1867,943.4838056140595
1868,1780.904686107711
1869,6969.082582159897
1870,407.33020028494184
1871,3707.0228505513846
1872,7936.791974715362
1873,656.9805335027162
1874,4753.0612551505965
1875,4015.2017793585605
1876,387.0912527753654
1877,16606.047514704154
1878,9734.181631896872
1879,8741.998495132053
1880,876.4377730471026
1881,19589.86734132756
1882,11517.976798730657
1883,12596.151713882165
1884,4023.2084137944876
1885,19464.235457967912
1886,1546.4747964717812
1887,997.1159390758038
1888,43.434686996947285
1889,2881.7896432612656
1890,6170.681801176983
1891,1013.7478517545303
1892,2671.220679977696
1893,30559.06396584049
1894,10641.012689251098
1895,1076.6835335081275
1896,158.39170572277268
1897,2441.289768271928
1898,1710.965545129648
1899,2556.1005822817715
1900,9180.596810019639
1901,16506.78917877519
1902,12450.065829230525
1903,111.08267060399221
1904,32477.71634325816
1905,137.80639934090505
1906,405.44714611188203
1907,4020.4064588804586
1908,3048.402136096966
1909,2876.77445
1910,425.6598755576514
1911,5294.669214695854
1912,19554.525345372407
1913,17796.892950041463
1914,50304.47113828503
1915,5532.861508373766
1916,7026.895220937668
1917,20002.465358600435
1918,7165.231340649309
1919,3290.180052137889
1920,106.51473759348684
1921,7651.659187181543
1922,49.01960813058242
1923,2055.356670287089
1924,412.8272562955388
1925,14399.966468855197
1926,235.4602903
1927,5570.680202339082
1928,434.70995264823745
1929,9710.768387182301
1930,7259.355557096194
1931,1051.838499
1932,528.4463773240599
1933,1568.8028936533285
1934,174.24479669332422
1935,17.342797914696046
1936,165.96742359194099
1937,30.10054614611461
1938,9.763678604642386
1939,22.700129224313315
1940,469.2155503714467
1941,65.27681483071706
1942,31.788363309655367
