Node,Closeness Centrality
0,0.7386839102320274
1,0.5345444536195981
2,0.49604086845466155
3,0.5209227467811158
4,0.5462728551336147
5,0.5895567698846388
6,0.5518613242398409
7,0.6881644223954642
8,0.5690008789920891
9,0.5097112860892389
10,0.4307897071872227
11,0.5418526785714286
12,0.6194577352472089
13,0.4980764298538087
14,0.5392946403776728
15,0.5521751492749503
16,0.5859987929993965
17,0.5733687629170358
18,0.5575653172552397
19,0.7152854511970534
20,0.5510783200908059
21,0.4486024486024486
22,0.5107837980010521
23,0.6087774294670847
24,0.6061173533083646
25,0.5653566229985444
26,0.48224484728085426
27,0.517590618
28,0.4329988851727982
29,0.49629440327114743
30,0.5493635077793494
31,0.5086432687270822
32,0.5478138222849083
33,0.5032391811350091
34,0.5062565172054223
35,0.5024579560155239
36,0.5926151968263655
37,0.5620839363241679
38,0.5275740287965227
39,0.5723548482169172
40,0.5281479466956758
41,0.5066527524132534
42,0.5132135306553911
43,0.49756597489110943
44,0.5214822771213748
45,0.581263095
46,0.5759193357058126
47,0.5048089420327528
48,0.5217624932831811
49,0.701336222
50,0.4756306637276512
51,0.6031055900621118
52,0.5202250200910795
53,0.6383957922419461
54,0.5561282932416953
55,0.6116535433070867
56,0.4961676034747062
57,0.4969293756397134
58,0.5430648769574944
59,0.49339430894308944
60,0.5020682523267839
61,0.5193902112864403
62,0.5738770685579196
63,0.6558595069233367
64,0.5282916213275299
65,0.5241565452091768
66,0.5242980561555075
67,0.5476593344613649
68,0.5632250580046404
69,0.5376522702104097
70,0.5908122908427137
71,0.6244372990353698
72,0.580221094
73,0.5673385918784691
74,0.5003864983251739
75,0.5448933782267116
76,0.6194577352472089
77,0.5046777546777547
78,0.5066527524132534
79,0.5270013568521031
80,0.5202250200910795
81,0.6365126188135037
82,0.5666763933469506
83,0.5038920601971977
84,0.5661807580174927
85,0.5383975602994178
86,0.5055975006508722
87,0.5586881472957422
88,0.4935196950444727
89,0.5136207352552234
90,0.5982747997535428
91,0.5456588929474572
92,0.5203644158628081
93,0.5716808949072711
94,0.5498301245753114
95,0.5942472460220318
96,0.6501506528289254
97,0.5370575221238938
98,0.5499858397054659
99,0.5772889417360285
100,0.4943991853360489
101,0.7594837700430191
102,0.5372060857538036
103,0.5917123705057892
104,0.5561282932416953
105,0.6055503585905831
106,0.5545402627070246
107,0.546119235
108,0.623835528
109,0.5163520340335017
110,0.47470056220972867
111,0.5564469914040114
112,0.5025879917184265
113,0.6614441416893733
114,0.47539779681762545
115,0.5526465566306203
116,0.5583668775158137
117,0.4987159732922445
118,0.5403450194769059
119,0.6712754925682682
120,0.5067849686847599
121,0.5136207352552234
122,0.5310363686081487
123,0.5535917901938426
124,0.7123991195891416
125,0.5655212580081538
126,0.5845875978326309
127,0.5540656205420827
128,0.5231681034482759
129,0.6441127694859038
130,0.595340282
131,0.5275740287965227
132,0.47750184411113844
133,0.5690008789920891
134,0.49961409827630565
135,0.6126182965299685
136,0.5567660550458715
137,0.5619212962962963
138,0.5594929415154134
139,0.5720176730486008
140,0.5348388873588543
141,0.5633884537278793
142,0.5554919908466819
143,0.5637155297532656
144,0.5244396435322711
145,0.5278608317477576
146,0.5962542216763893
147,0.5917123705057892
148,0.5482778091473743
149,0.6016109045848823
150,0.5673385918784691
151,0.5786650774731824
152,0.5322006029049055
153,0.42263329706202396
154,0.5830081056739718
155,0.5842358604091457
156,0.6163122818152967
157,0.4915211338901544
158,0.5132135306553911
159,0.5106494872469103
160,0.6242365798778527
161,0.570840682
162,0.5134849286092015
163,0.5203644158628081
164,0.5583668775158137
165,0.6122320302648171
166,0.509845104
167,0.5611095059231436
168,0.5908122908427137
169,0.5759193357058126
170,0.5733687629170358
171,0.55565093
172,0.5300218340611353
173,0.5920731707317073
174,0.45726395102425244
175,0.5200856989823246
176,0.5493635077793494
177,0.5205038863575449
178,0.5819598441714114
179,0.5097112860892389
180,0.5130779392338177
181,0.5535917901938426
182,0.641771315
183,0.6118462507876496
184,0.5459657014337925
185,0.5986436498150431
186,0.5280043501903209
187,0.6172917991099809
188,0.5696685244939865
189,0.4902802322645797
190,0.477267142
191,0.5467342342342343
192,0.6244372990353698
193,0.5401947148817803
194,0.4872052182639237
195,0.5219027143241064
196,0.5821342925659473
197,0.5471963933502395
198,0.5690008789920891
199,0.609159348
200,0.5693345060099677
201,0.5074470864907238
202,0.5947932618683002
203,0.6103079824010057
204,0.5075797177208573
205,0.5156664896441848
206,0.5797014925373134
207,0.5143008474576272
208,0.5660157388516468
209,0.5226049515608181
210,0.580394501
211,0.5731995277449823
212,0.47285122960798637
213,0.5015495867768595
214,0.6244372990353698
215,0.5339565576024196
216,0.5781482584102411
217,0.6070647077211628
218,0.6004947433518862
219,0.6236351958895312
220,0.6228351507376524
221,0.554698658
222,0.5778042249330556
223,0.5251487290427258
224,0.5196681830345197
225,0.571849234
226,0.5510783200908059
227,0.536464088
228,0.5966205837173579
229,0.4970565651394932
230,0.5591707457529513
231,0.6135860979462875
232,0.5852923447860157
233,0.5212023617820719
234,0.599567768
235,0.5160775976614403
236,0.5106494872469103
237,0.5196681830345197
238,0.5564469914040114
239,0.49528181586330017
240,0.5093102543928665
241,0.5660157388516468
242,0.5294438386041439
243,0.614168248
244,0.5598155087921591
245,0.5748963883955003
246,0.546426562
247,0.49528181586330017
248,0.5653566229985444
249,0.48879939592247673
250,0.4759803921568627
251,0.5502975347123831
252,0.4918946301925025
253,0.511725955
254,0.4695357833655706
255,0.5248648648648648
256,0.5271444082519001
257,0.5743862762496302
258,0.507182032
259,0.5891990291262136
260,0.5442825112107623
261,0.5638792102206737
262,0.6630249231819734
263,0.5933394439352276
264,0.5291553133514987
265,0.5735380980507974
266,0.5189738107963656
267,0.5517045454545455
268,0.5510783200908059
269,0.5733687629170358
270,0.5252907763051122
271,0.7333836858006042
272,0.545199326
273,0.5042846014022332
274,0.5596541786743516
275,0.5297326786688489
276,0.5078451882845189
277,0.5543819583214388
278,0.5622466705269253
279,0.5680023398654578
280,0.5280043501903209
281,0.4742368742368742
282,0.4989722507708119
283,0.5731995277449823
284,0.5351336456324056
285,0.5720176730486008
286,0.5501416430594901
287,0.5521751492749503
288,0.5501416430594901
289,0.6773630973142658
290,0.6492811768639251
291,0.6607689690370875
292,0.5453524290929515
293,0.5163520340335017
294,0.5769459298871064
295,0.5743862762496302
296,0.48428927680798006
297,0.5762611275964392
298,0.6036680136773391
299,0.5501416430594901
300,0.6325732899022801
301,0.5601384482261321
302,0.5288671023965141
303,0.5442825112107623
304,0.5053343741868332
305,0.4091866835229667
306,0.4989722507708119
307,0.5407964355332776
308,0.5769459298871064
309,0.5338097855964816
310,0.5580459770114943
311,0.5960712093308779
312,0.5248648648648648
313,0.5476593344613649
314,0.6616695059625213
315,0.4682903303592959
316,0.5020682523267839
317,0.49402187738488934
318,0.5265726681127982
319,0.5851159987948177
320,0.5465803546298902
321,0.5858220211161388
322,0.5633884537278793
323,0.49680225121514454
324,0.4654841802492809
325,0.5205038863575449
326,0.5479683972911964
327,0.5713445130920859
328,0.5478138222849083
329,0.5126715945089757
330,0.5487425826504663
331,0.5964373464373465
332,0.5683347966052092
333,0.5210625167695198
334,0.5294438386041439
335,0.4907758402830427
336,0.3655185394315829
337,0.5333699533095303
338,0.5776323616894705
339,0.5069172539806839
340,0.5757485917580789
341,0.5274307441607822
342,0.5270013568521031
343,0.6405013192612137
344,0.5433687744823726
345,0.5515478557228061
346,0.5762611275964392
347,0.5624094989863887
348,0.6618950238582141
349,0.5409470752089136
350,0.5821342925659473
351,0.5403450194769059
352,0.6321614583333334
353,0.5228863758750674
354,0.5361678630590834
355,0.5032391811350091
356,0.4969293756397134
357,0.6490641711229946
358,0.5518613242398409
359,0.5690008789920891
360,0.4617213504517356
361,0.5501416430594901
362,0.5369090406414155
363,0.5401947148817803
364,0.5178666666666667
365,0.4951555328913819
366,0.5308911973756151
367,0.38531746031746034
368,0.4591016548463357
369,0.5559690810191812
370,0.4892920131015369
371,0.8024793388429752
372,0.5061245764920511
373,0.5603000577034045
374,0.5010319917440661
375,0.5248648648648648
376,0.4989722507708119
377,0.49922879177377893
378,0.5471963933502395
379,0.5341034103410341
380,0.5784927018170986
381,0.5018087855297158
382,0.4669391680692474
383,0.5888417222559127
384,0.5388457269700333
385,0.5053343741868332
386,0.5202250200910795
387,0.591892716
388,0.5196681830345197
389,0.656524679
390,0.6288860103626943
391,0.5476593344613649
392,0.5946111451316595
393,0.5277173913043478
394,0.5671728971962616
395,0.5219027143241064
396,0.5577254451464676
397,0.5057291666666667
398,0.5725235849056604
399,0.5077124183006536
400,0.5845875978326309
401,0.5101129498292619
402,0.5531187695813159
403,0.49756597489110943
404,0.5627354390031875
405,0.5087765260675924
406,0.502848265
407,0.4812887236679058
408,0.5162147793726741
409,0.485378655
410,0.5488976823063878
411,0.5376522702104097
412,0.5819598441714114
413,0.4764474975466143
414,0.5177286057051453
415,0.5542237442922374
416,0.5852923447860157
417,0.5202250200910795
418,0.5531187695813159
419,0.49102402022756003
420,0.5036307053941909
421,0.5819598441714114
422,0.5713445130920859
423,0.5475049337468283
424,0.5403450194769059
425,0.5083769633507853
426,0.5468882005068995
427,0.5242980561555075
428,0.4712448434845911
429,0.5492081447963801
430,0.5606235565819861
431,0.44725932749884845
432,0.5532763532763533
433,0.5153927813163482
434,0.5830081056739718
435,0.5303113052976516
436,0.5615962984384038
437,0.5394444444444444
438,0.6248391248391248
439,0.5355763927192498
440,0.5152560360838419
441,0.5075797177208573
442,0.5642068564787914
443,0.5997529339098209
444,0.6108839257628185
445,0.5005154639175258
446,0.5360198730333977
447,0.542306618
448,0.567007299
449,0.5700029351335486
450,0.5358719646799117
451,0.5303113052976516
452,0.5691676436107854
453,0.531763417
454,0.5852923447860157
455,0.5852923447860157
456,0.5614339404452153
457,0.5501416430594901
458,0.6242365798778527
459,0.49731113956466066
460,0.5969873962496157
461,0.6701173222912353
462,0.5899149453219927
463,0.627666451
464,0.6044195455960162
465,0.47539779681762545
466,0.5182812917000267
467,0.5110526315789473
468,0.5650276403840558
469,0.5391449194891726
470,0.5574052812858783
471,0.5294438386041439
472,0.5336630942566639
473,0.5409470752089136
474,0.5748963883955003
475,0.5242980561555075
476,0.485378655
477,0.5178666666666667
478,0.4671638200625451
479,0.47493274639276106
480,0.5226049515608181
481,0.5105152471083071
482,0.531617848
483,0.5482778091473743
484,0.5470422535211268
485,0.502848265
486,0.5949754901960784
487,0.6256443298969072
488,0.6118462507876496
489,0.5177286057051453
490,0.5498301245753114
491,0.485864398
492,0.5
493,0.5545402627070246
494,0.49629440327114743
495,0.5319090660093125
496,0.6070647077211628
497,0.62144
498,0.5432167832167832
499,0.5479683972911964
500,0.5774606006541778
501,0.4755142017629775
502,0.57472625
503,0.4961676034747062
504,0.5456588929474572
505,0.5874168179068361
506,0.591892716
507,0.6413474240422721
508,0.5341034103410341
509,0.5264299268094335
510,0.5651920838183935
511,0.5143008474576272
512,0.553907587
513,0.5650276403840558
514,0.5567660550458715
515,0.49528181586330017
516,0.5493635077793494
517,0.5548571428571428
518,0.531326949
519,0.5502975347123831
520,0.5418526785714286
521,0.44116310767832806
522,0.603480423
523,0.6246381473142489
524,0.5288671023965141
525,0.6042314872433105
526,0.5583668775158137
527,0.5604617604617604
528,0.6059282371294852
529,0.507978028
530,0.5482778091473743
531,0.5450463092899243
532,0.5209227467811158
533,0.5800477897252091
534,0.5713445130920859
535,0.49654819739197137
536,0.5938837920489297
537,0.5542237442922374
538,0.6061173533083646
539,0.5458122540753232
540,0.5575653172552397
541,0.5475049337468283
542,0.4658191412808827
543,0.5920731707317073
544,0.5205038863575449
545,0.48489388264669164
546,0.5444350995234091
547,0.5517045454545455
548,0.5835336538461539
549,0.5357241379310345
550,0.6447543160690571
551,0.5327846364883402
552,0.49201925513047884
553,0.5830081056739718
554,0.5651920838183935
555,0.5409470752089136
556,0.4806930693069307
557,0.5485875706214689
558,0.5126715945089757
559,0.603480423
560,0.5488976823063878
561,0.5143008474576272
562,0.5596541786743516
563,0.5774606006541778
564,0.437979251
565,0.5049401976079043
566,0.5462728551336147
567,0.5515478557228061
568,0.6143625434988927
569,0.5495189586870401
570,0.5288671023965141
571,0.6027312228429547
572,0.5632250580046404
573,0.5675043834015195
574,0.5774606006541778
575,0.5130779392338177
576,0.5360198730333977
577,0.5105152471083071
578,0.5062565172054223
579,0.5055975006508722
580,0.5487425826504663
581,0.5210625167695198
582,0.5438252590310837
583,0.5230272017236736
584,0.5537496435700029
585,0.5614339404452153
586,0.5044155844155844
587,0.4785608674223756
588,0.5521751492749503
589,0.5420039073402177
590,0.525006759
591,0.5174527045030642
592,0.5395943317588219
593,0.501420088
594,0.48081208219856403
595,0.6256443298969072
596,0.6317501626545218
597,0.5465803546298902
598,0.5642068564787914
599,0.5053343741868332
600,0.5824835032993402
601,0.45016226240148355
602,0.5645348837209302
603,0.5059927045336112
604,0.5574052812858783
605,0.4961676034747062
606,0.5606235565819861
607,0.4954081632653061
608,0.477267142
609,0.5427613191727222
610,0.5606235565819861
611,0.5181430096051227
612,0.5591707457529513
613,0.5551743853630646
614,0.5073145245559039
615,0.5666763933469506
616,0.5335164835164835
617,0.6046077210460772
618,0.4949031600407747
619,0.526715487
620,0.5492081447963801
621,0.6673539518900343
622,0.6383957922419461
623,0.646041251
624,0.5748963883955003
625,0.6596467391304348
626,0.5790101371496721
627,0.8142557651991614
628,0.5147097800159025
629,0.5333699533095303
630,0.5268583830710798
631,0.50904325
632,0.5209227467811158
633,0.5715126545026487
634,0.4838066766317887
635,0.5495189586870401
636,0.4943991853360489
637,0.6264516129032258
638,0.49910048830634796
639,0.4970565651394932
640,0.5244396435322711
641,0.5319090660093125
642,0.546426562
643,0.4961676034747062
644,0.5771173848439821
645,0.606875
646,0.5066527524132534
647,0.6240359897172236
648,0.5545402627070246
649,0.5947932618683002
650,0.5037613488975357
651,0.4988440791163627
652,0.5310363686081487
653,0.5398943564081179
654,0.5433687744823726
655,0.5660157388516468
656,0.5134849286092015
657,0.512401055
658,0.5496744975941127
659,0.5231681034482759
660,0.6232349165596919
661,0.6008663366336634
662,0.5660157388516468
663,0.5735380980507974
664,0.5421552205471803
665,0.5343973582828839
666,0.5798745894296805
667,0.570337739
668,0.4872052182639237
669,0.5507657402155417
670,0.550609583
671,0.49465104431991846
672,0.5271444082519001
673,0.5695014662756598
674,0.6176844783715013
675,0.5247230478249122
676,0.5363159348246341
677,0.5615962984384038
678,0.4599715774514448
679,0.586529749
680,0.5082439152054437
681,0.5904530252356339
682,0.5430648769574944
683,0.5596541786743516
684,0.5473506200676438
685,0.49910048830634796
686,0.5037613488975357
687,0.5797014925373134
688,0.5498301245753114
689,0.5673385918784691
690,0.5628985507246377
691,0.5559690810191812
692,0.5715126545026487
693,0.5195291599785982
694,0.4760970826182888
695,0.5301665301665301
696,0.5542237442922374
697,0.4971838197644649
698,0.5244396435322711
699,0.5265726681127982
700,0.5840601503759398
701,0.49239350912778906
702,0.5493635077793494
703,0.6010523057876819
704,0.5291553133514987
705,0.5171770972037284
706,0.44337899543378995
707,0.4496411206297754
708,0.5159404888416578
709,0.5604617604617604
710,0.5221833826297392
711,0.5323464912280702
712,0.575066627
713,0.546426562
714,0.5011612903225806
715,0.5303113052976516
716,0.5005154639175258
717,0.49910048830634796
718,0.5288671023965141
719,0.47147365865501334
720,0.49731113956466066
721,0.4755142017629775
722,0.5838845460012027
723,0.5314723590585659
724,0.5426096675048896
725,0.5304561595192571
726,0.5235912644917767
727,0.5473506200676438
728,0.589020322
729,0.5502975347123831
730,0.5611095059231436
731,0.5828331332533013
732,0.4971838197644649
733,0.5456588929474572
734,0.5726924211147154
735,0.5570854847963281
736,0.5007735946364105
737,0.6419834710743801
738,0.5242980561555075
739,0.4737740912417663
740,0.5515478557228061
741,0.5186965811965812
742,0.5132135306553911
743,0.5548571428571428
744,0.5077124183006536
745,0.525006759
746,0.4950293143002804
747,0.5240151106314085
748,0.5186965811965812
749,0.5604617604617604
750,0.5986436498150431
751,0.5118608328940433
752,0.4799802273850717
753,0.5574052812858783
754,0.48879939592247673
755,0.6968066020810908
756,0.6835621260119676
757,0.6165079365079366
758,0.509845104
759,0.5695014662756598
760,0.5
761,0.5216223475691647
762,0.5492081447963801
763,0.5711764705882353
764,0.5386962552011095
765,0.5137566137566137
766,0.5580459770114943
767,0.5793556085918854
768,0.44684767602393005
769,0.5400444938820912
770,0.5603000577034045
771,0.5655212580081538
772,0.5705052878965923
773,0.5078451882845189
774,0.5628985507246377
775,0.6673539518900343
776,0.5470422535211268
777,0.5167642362959021
778,0.5360198730333977
779,0.5005154639175258
780,0.5531187695813159
781,0.5282916213275299
782,0.6583050847457627
783,0.646041251
784,0.4799802273850717
785,0.5376522702104097
786,0.5314723590585659
787,0.5580459770114943
788,0.5376522702104097
789,0.5797014925373134
790,0.5586881472957422
791,0.5304561595192571
792,0.5968039336201598
793,0.5075797177208573
794,0.5583668775158137
795,0.5790101371496721
796,0.529011169
797,0.5671728971962616
798,0.5790101371496721
799,0.5386962552011095
800,0.6224358974358974
801,0.5306010928961749
802,0.4945250827603769
803,0.5389952817096864
804,0.6752433936022253
805,0.6145569620253165
806,0.502978503
807,0.5459657014337925
808,0.5406458797327395
809,0.6857344632768362
810,0.5394444444444444
811,0.6935714285714286
812,0.4729663906478324
813,0.5653566229985444
814,0.5035001296344309
815,0.5696685244939865
816,0.5783204288266826
817,0.5526465566306203
818,0.6464713715046605
819,0.5899149453219927
820,0.5645348837209302
821,0.5298772169167804
822,0.5174527045030642
823,0.5339565576024196
824,0.5244396435322711
825,0.5591707457529513
826,0.5821342925659473
827,0.6064959400374765
828,0.5807416267942583
829,0.47470056220972867
830,0.5248648648648648
831,0.5195291599785982
832,0.5716808949072711
833,0.5268583830710798
834,0.5658508158508159
835,0.494147583
836,0.6082054494206076
837,0.5188351589633984
838,0.5754074074074074
839,0.4809311540366518
840,0.5473506200676438
841,0.3712483272796788
842,0.5138925641704154
843,0.5069172539806839
844,0.4370920549178483
845,0.4759803921568627
846,0.4979487179487179
847,0.5270013568521031
848,0.5564469914040114
849,0.5382483370288248
850,0.6072545340838024
851,0.6315447154471545
852,0.48272433507332835
853,0.4932689865379731
854,0.6126182965299685
855,0.5648632926119838
856,0.4938962360122075
857,0.48892245720040284
858,0.5502975347123831
859,0.5352811466372657
860,0.5081109366823653
861,0.47250608272506084
862,0.5145733969263381
863,0.519946452
864,0.5128069712173224
865,0.5630617570310235
866,0.4980764298538087
867,0.5745562130177515
868,0.5260021668472372
869,0.4823646299056135
870,0.5502975347123831
871,0.5933394439352276
872,0.5450463092899243
873,0.49910048830634796
874,0.5583668775158137
875,0.5542237442922374
876,0.5962542216763893
877,0.5021980863718645
878,0.5762611275964392
879,0.5297326786688489
880,0.7591868647380766
881,0.5913520097442144
882,0.5788375558867362
883,0.5927960927960928
884,0.620051086
885,0.5564469914040114
886,0.7287054409005629
887,0.5852923447860157
888,0.6379763469119579
889,0.8253293667658309
890,0.5389952817096864
891,0.49402187738488934
892,0.5119957817031373
893,0.49654819739197137
894,0.5875945537065053
895,0.5404954077372669
896,0.5413994981879008
897,0.4926433282597666
898,0.5710085269038518
899,0.5997529339098209
900,0.5444350995234091
901,0.5471963933502395
902,0.48904558045832286
903,0.5115911485774499
904,0.5833583658756384
905,0.5772889417360285
906,0.7230081906180194
907,0.641771315
908,0.5475049337468283
909,0.5192513368983958
910,0.6377668308702792
911,0.5125362892583796
912,0.5627354390031875
913,0.5400444938820912
914,0.6149461684610513
915,0.5379501385041551
916,0.5180048012803414
917,0.6671246994160083
918,0.617881005
919,0.5553331426937375
920,0.5924344112263575
921,0.5027180947450168
922,0.6906116642958748
923,0.5502975347123831
924,0.5073145245559039
925,0.4630424415832141
926,0.502848265
927,0.5586881472957422
928,0.6103079824010057
929,0.5385468663338879
930,0.5436730123180291
931,0.6049844236760125
932,0.586352657
933,0.6147515036403925
934,0.5430648769574944
935,0.6118462507876496
936,0.4987159732922445
937,0.6375574523965857
938,0.5186965811965812
939,0.55565093
940,0.5012906556530717
941,0.5973546601045832
942,0.5809153454980557
943,0.5275740287965227
944,0.684525908
945,0.6165079365079366
946,0.62084399
947,0.5144370860927152
948,0.5529612756264237
949,0.5298772169167804
950,0.46481570129248445
951,0.5628985507246377
952,0.5245813074014046
953,0.5221833826297392
954,0.5432167832167832
955,0.6047960137028963
956,0.5591707457529513
957,0.5398943564081179
958,0.5933394439352276
959,0.6252414681262073
960,0.5207830517565031
961,0.4886763965777554
962,0.5224643529728276
963,0.5388457269700333
964,0.5990129549660703
965,0.5130779392338177
966,0.5986436498150431
967,0.5819598441714114
968,0.6212412028150992
969,0.5038920601971977
970,0.6032929481205344
971,0.5272875373336954
972,0.5196681830345197
973,0.5534340267882588
974,0.5397443023902168
975,0.5138925641704154
976,0.46128266033254156
977,0.5329308452250274
978,0.5606235565819861
979,0.5743862762496302
980,0.586352657
981,0.5781482584102411
982,0.5627354390031875
983,0.5475049337468283
984,0.5245813074014046
985,0.7412213740458016
986,0.5083769633507853
987,0.5271444082519001
988,0.5485875706214689
989,0.5515478557228061
990,0.4908998988877654
991,0.5370575221238938
992,0.5382483370288248
993,0.5957055214723926
994,0.6369301410298458
995,0.5306010928961749
996,0.5607854461449611
997,0.6085866499529928
998,0.5073145245559039
999,0.570337739
1000,0.5341034103410341
1001,0.4809311540366518
1002,0.4806930693069307
1003,0.5421552205471803
1004,0.5261446762395015
1005,0.5698356807511737
1006,0.5360198730333977
1007,0.5456588929474572
1008,0.5169017833377695
1009,0.5025879917184265
1010,0.6212412028150992
1011,0.5927960927960928
1012,0.509845104
1013,0.5484326461451567
1014,0.5534340267882588
1015,0.5852923447860157
1016,0.5181430096051227
1017,0.6317501626545218
1018,0.5886632312822068
1019,0.5102469784550709
1020,0.602170543
1021,0.5942472460220318
1022,0.5668417980151781
1023,0.5231681034482759
1024,0.6064959400374765
1025,0.5479683972911964
1026,0.5840601503759398
1027,0.5691676436107854
1028,0.5128069712173224
1029,0.5642068564787914
1030,0.5274307441607822
1031,0.5528038713350413
1032,0.5306010928961749
1033,0.6307242611237415
1034,0.6003091190108192
1035,0.5924344112263575
1036,0.6017973349860551
1037,0.5788375558867362
1038,0.5278608317477576
1039,0.4954081632653061
1040,0.5379501385041551
1041,0.57472625
1042,0.5861756715967401
1043,0.5170394036208733
1044,0.6165079365079366
1045,0.5308911973756151
1046,0.5270013568521031
1047,0.5067849686847599
1048,0.589020322
1049,0.5515478557228061
1050,0.5093102543928665
1051,0.5298772169167804
1052,0.6475491830610204
1053,0.602170543
1054,0.5240151106314085
1055,0.4615019011406844
1056,0.5671728971962616
1057,0.7010830324909747
1058,0.5219027143241064
1059,0.5432167832167832
1060,0.48465185924631893
1061,0.5569257241181531
1062,0.6163122818152967
1063,0.5470422535211268
1064,0.5048089420327528
1065,0.480217606
1066,0.5052029136316337
1067,0.5562875966771699
1068,0.6040435458786936
1069,0.5177286057051453
1070,0.48610763454317896
1071,0.5693345060099677
1072,0.5690008789920891
1073,0.5645348837209302
1074,0.6260477111540941
1075,0.5421552205471803
1076,0.5282916213275299
1077,0.5984591679506934
1078,0.4824844720496894
1079,0.581437126
1080,0.4966751918158568
1081,0.551234743
1082,0.563551944
1083,0.5646990404187264
1084,0.6358873608382449
1085,0.5742164399763453
1086,0.5680023398654578
1087,0.5826582658265826
1088,0.502978503
1089,0.5678362573099415
1090,0.5772889417360285
1091,0.5137566137566137
1092,0.4902802322645797
1093,0.5078451882845189
1094,0.5969873962496157
1095,0.5349862258953169
1096,0.4969293756397134
1097,0.571849234
1098,0.5158034528552456
1099,0.6151409566043713
1100,0.5844116761962083
1101,0.5173148641449121
1102,0.6396574440052701
1103,0.5779761904761904
1104,0.5532763532763533
1105,0.5427613191727222
1106,0.5228863758750674
1107,0.4841685365245575
1108,0.5188351589633984
1109,0.4989722507708119
1110,0.5650276403840558
1111,0.5297326786688489
1112,0.5140285865537322
1113,0.5433687744823726
1114,0.570840682
1115,0.5009027598658756
1116,0.4987159732922445
1117,0.512401055
1118,0.5575653172552397
1119,0.5303113052976516
1120,0.4984599589322382
1121,0.5020682523267839
1122,0.5715126545026487
1123,0.5465803546298902
1124,0.4820054604120129
1125,0.6206455736657079
1126,0.5738770685579196
1127,0.5637155297532656
1128,0.5473506200676438
1129,0.557245337
1130,0.5816112608565439
1131,0.4979487179487179
1132,0.5094438614900315
1133,0.5755779490219324
1134,0.6309291747888239
1135,0.5163520340335017
1136,0.5513912549687677
1137,0.5790101371496721
1138,0.5515478557228061
1139,0.5940654634444784
1140,0.5105152471083071
1141,0.5849397590361446
1142,0.5899149453219927
1143,0.5308911973756151
1144,0.5301665301665301
1145,0.6168996188055909
1146,0.5543819583214388
1147,0.6061173533083646
1148,0.674539771
1149,0.6988125224901044
1150,0.6049844236760125
1151,0.5590097869890616
1152,0.6124251024913276
1153,0.5542237442922374
1154,0.5439775910364145
1155,0.5093102543928665
1156,0.6143625434988927
1157,0.5410977988297576
1158,0.5582063811440069
1159,0.5291553133514987
1160,0.5534340267882588
1161,0.5200856989823246
1162,0.5781482584102411
1163,0.6652963343610826
1164,0.5737075332348597
1165,0.49289340101522844
1166,0.546426562
1167,0.507978028
1168,0.6447543160690571
1169,0.5637155297532656
1170,0.5594929415154134
1171,0.5748963883955003
1172,0.5748963883955003
1173,0.5137566137566137
1174,0.49427335199796385
1175,0.5078451882845189
1176,0.5198072805139187
1177,0.5394444444444444
1178,0.5786650774731824
1179,0.5075797177208573
1180,0.5160775976614403
1181,0.5478138222849083
1182,0.47879684418145957
1183,0.45268065268065266
1184,0.6612189308818522
1185,0.4949031600407747
1186,0.4845309381237525
1187,0.554698658
1188,0.5392946403776728
1189,0.5778042249330556
1190,0.4997426659804426
1191,0.5721862109605186
1192,0.600123609
1193,0.5821342925659473
1194,0.6029183483390251
1195,0.5759193357058126
1196,0.4470534069981584
1197,0.5772889417360285
1198,0.5496744975941127
1199,0.6040435458786936
1200,0.6441127694859038
1201,0.5285792052259118
1202,0.46795180722891566
1203,0.5268583830710798
1204,0.5024579560155239
1205,0.5032391811350091
1206,0.5675043834015195
1207,0.575066627
1208,0.5103810775295664
1209,0.5308911973756151
1210,0.6083959899749374
1211,0.6854924108718673
1212,0.6657524854302366
1213,0.5646990404187264
1214,0.5485875706214689
1215,0.6180776575429663
1216,0.550609583
1217,0.5
1218,0.5278608317477576
1219,0.4845309381237525
1220,0.5700029351335486
1221,0.5219027143241064
1222,0.5596541786743516
1223,0.5389952817096864
1224,0.6099246231155779
1225,0.586352657
1226,0.6678129298486932
1227,0.6580820060996272
1228,0.5716808949072711
1229,0.5430648769574944
1230,0.5360198730333977
1231,0.5969873962496157
1232,0.5288671023965141
1233,0.5496744975941127
1234,0.49201925513047884
1235,0.6655243317340644
1236,0.5622466705269253
1237,0.5895567698846388
1238,0.49139676113360325
1239,0.507978028
1240,0.5430648769574944
1241,0.5023279875840663
1242,0.4824844720496894
1243,0.5515478557228061
1244,0.5126715945089757
1245,0.5409470752089136
1246,0.5006444960041248
1247,0.5241565452091768
1248,0.5099789915966386
1249,0.614168248
1250,0.526715487
1251,0.5322006029049055
1252,0.4839272364814353
1253,0.5339565576024196
1254,0.4606261859582543
1255,0.5790101371496721
1256,0.5715126545026487
1257,0.5478138222849083
1258,0.6292935839274141
1259,0.7033683448026078
1260,0.5188351589633984
1261,0.5169017833377695
1262,0.550453515
1263,0.6282756389517955
1264,0.6867043847241867
1265,0.554698658
1266,0.5501416430594901
1267,0.4886763965777554
1268,0.5764321757197982
1269,0.6893858714944977
1270,0.5341034103410341
1271,0.5115911485774499
1272,0.5805680119581464
1273,0.511725955
1274,0.5852923447860157
1275,0.49402187738488934
1276,0.5216223475691647
1277,0.5424581005586592
1278,0.5407964355332776
1279,0.5545402627070246
1280,0.6112684922883224
1281,0.5082439152054437
1282,0.5106494872469103
1283,0.5333699533095303
1284,0.5052029136316337
1285,0.5304561595192571
1286,0.5036307053941909
1287,0.581437126
1288,0.6137800252844501
1289,0.5198072805139187
1290,0.5202250200910795
1291,0.5320547945205479
1292,0.5596541786743516
1293,0.4916455696202532
1294,0.6114609571788413
1295,0.5713445130920859
1296,0.634640523
1297,0.5700029351335486
1298,0.5748963883955003
1299,0.48732747804265997
1300,0.49961409827630565
1301,0.5705052878965923
1302,0.5656859889309642
1303,0.6536519690339953
1304,0.5728613569321533
1305,0.5776323616894705
1306,0.5651920838183935
1307,0.47797194191484127
1308,0.5643708224353385
1309,0.5498301245753114
1310,0.6574136763710223
1311,0.5675043834015195
1312,0.6089683286296644
1313,0.5231681034482759
1314,0.5805680119581464
1315,0.5607854461449611
1316,0.535428729
1317,0.6477651767845231
1318,0.5742164399763453
1319,0.5203644158628081
1320,0.48562140535133785
1321,0.6363040629095675
1322,0.5173148641449121
1323,0.6097331240188383
1324,0.5906326034063261
1325,0.5553331426937375
1326,0.5438252590310837
1327,0.5134849286092015
1328,0.5771173848439821
1329,0.5969873962496157
1330,0.5852923447860157
1331,0.5927960927960928
1332,0.5205038863575449
1333,0.590094196
1334,0.5439775910364145
1335,0.461392255
1336,0.5019384853967434
1337,0.4936451448906965
1338,0.5136207352552234
1339,0.5642068564787914
1340,0.5426096675048896
1341,0.563551944
1342,0.4926433282597666
1343,0.5166267624368183
1344,0.5301665301665301
1345,0.4985879332477535
1346,0.6402901417738213
1347,0.5658508158508159
1348,0.5473506200676438
1349,0.5800477897252091
1350,0.4809311540366518
1351,0.5403450194769059
1352,0.4730816077953715
1353,0.5540656205420827
1354,0.6031055900621118
1355,0.5655212580081538
1356,0.5823088455772114
1357,0.557885665
1358,0.5698356807511737
1359,0.5442825112107623
1360,0.5611095059231436
1361,0.5010319917440661
1362,0.5545402627070246
1363,0.5473506200676438
1364,0.5382483370288248
1365,0.5947932618683002
1366,0.5473506200676438
1367,0.6042314872433105
1368,0.5764321757197982
1369,0.6087774294670847
1370,0.5495189586870401
1371,0.5569257241181531
1372,0.5551743853630646
1373,0.5690008789920891
1374,0.5441300084057159
1375,0.5352811466372657
1376,0.4954081632653061
1377,0.545199326
1378,0.5136207352552234
1379,0.5564469914040114
1380,0.5214822771213748
1381,0.5676702718503361
1382,0.5590097869890616
1383,0.592253736
1384,0.5282916213275299
1385,0.5430648769574944
1386,0.49289340101522844
1387,0.5275740287965227
1388,0.63360522
1389,0.4805741153179906
1390,0.5418526785714286
1391,0.5628985507246377
1392,0.5518613242398409
1393,0.5495189586870401
1394,0.5991977784634372
1395,0.3872382851445663
1396,0.5643708224353385
1397,0.5078451882845189
1398,0.5653566229985444
1399,0.4925183870149632
1400,0.6224358974358974
1401,0.5485875706214689
1402,0.5977223761157279
1403,0.580221094
1404,0.49961409827630565
1405,0.5678362573099415
1406,0.5427613191727222
1407,0.5949754901960784
1408,0.5023279875840663
1409,0.4954081632653061
1410,0.6133922931143398
1411,0.5496744975941127
1412,0.5410977988297576
1413,0.4949031600407747
1414,0.5748963883955003
1415,0.5102469784550709
1416,0.4841685365245575
1417,0.5074470864907238
1418,0.5886632312822068
1419,0.5473506200676438
1420,0.587772397
1421,0.5559690810191812
1422,0.49756597489110943
1423,0.5574052812858783
1424,0.6110761485210825
1425,0.5231681034482759
1426,0.5716808949072711
1427,0.5162147793726741
1428,0.5110526315789473
1429,0.5392946403776728
1430,0.5450463092899243
1431,0.5655212580081538
1432,0.5957055214723926
1433,0.5835336538461539
1434,0.6059282371294852
1435,0.514846235
1436,0.5205038863575449
1437,0.5797014925373134
1438,0.6373482113554316
1439,0.5413994981879008
1440,0.6131986106725608
1441,0.5673385918784691
1442,0.5091767173571053
1443,0.5355763927192498
1444,0.5288671023965141
1445,0.5615962984384038
1446,0.5418526785714286
1447,0.5046777546777547
1448,0.5268583830710798
1449,0.5219027143241064
1450,0.5395943317588219
1451,0.6165079365079366
1452,0.6031055900621118
1453,0.5295882192527952
1454,0.5062565172054223
1455,0.5627354390031875
1456,0.5492081447963801
1457,0.5270013568521031
1458,0.5728613569321533
1459,0.5341034103410341
1460,0.5642068564787914
1461,0.5521751492749503
1462,0.4619410085632731
1463,0.5590097869890616
1464,0.6023573200992556
1465,0.5577254451464676
1466,0.5254329004329005
1467,0.5586881472957422
1468,0.494147583
1469,0.5355763927192498
1470,0.5917123705057892
1471,0.5566064775007166
1472,0.5248648648648648
1473,0.557245337
1474,0.587772397
1475,0.5835336538461539
1476,0.5567660550458715
1477,0.5524893314366999
1478,0.5465803546298902
1479,0.5164893617021277
1480,0.5118608328940433
1481,0.6017973349860551
1482,0.6258459555269095
1483,0.49629440327114743
1484,0.5258597346330897
1485,0.4881850175967823
1486,0.5643708224353385
1487,0.5016791526737278
1488,0.47365853658536583
1489,0.5010319917440661
1490,0.6010523057876819
1491,0.557245337
1492,0.5141646809637278
1493,0.581263095
1494,0.5752369668246445
1495,0.5198072805139187
1496,0.5603000577034045
1497,0.5235912644917767
1498,0.5203644158628081
1499,0.5585274662064998
1500,0.5730303924461493
1501,0.5288671023965141
1502,0.49769349051768325
1503,0.5288671023965141
1504,0.5129424194400423
1505,0.5826582658265826
1506,0.5651920838183935
1507,0.5521751492749503
1508,0.46337389644476257
1509,0.5990129549660703
1510,0.5481230595540503
1511,0.5007735946364105
1512,0.57472625
1513,0.46205091601237214
1514,0.5195291599785982
1515,0.5710085269038518
1516,0.5492081447963801
1517,0.5648632926119838
1518,0.5870616686819831
1519,0.5742164399763453
1520,0.5788375558867362
1521,0.5766033254156769
1522,0.5944291398836853
1523,0.5731995277449823
1524,0.6560810810810811
1525,0.5101129498292619
1526,0.49680225121514454
1527,0.5586881472957422
1528,0.6360956436292171
1529,0.5413994981879008
1530,0.5847636254140319
1531,0.6206455736657079
1532,0.5575653172552397
1533,0.6194577352472089
1534,0.6313394018205462
1535,0.5588489208633094
1536,0.525006759
1537,0.5594929415154134
1538,0.531326949
1539,0.46426010040640686
1540,0.6151409566043713
1541,0.5366123238463664
1542,0.5306010928961749
1543,0.5726924211147154
1544,0.5515478557228061
1545,0.5018087855297158
1546,0.5823088455772114
1547,0.5234501347708895
1548,0.4778543307086614
1549,0.5341034103410341
1550,0.48843058350100604
1551,0.5038920601971977
1552,0.4694222866811699
1553,0.5254329004329005
1554,0.5115911485774499
1555,0.6089683286296644
1556,0.6046077210460772
1557,0.5258597346330897
1558,0.5032391811350091
1559,0.5577254451464676
1560,0.5442825112107623
1561,0.6194577352472089
1562,0.4979487179487179
1563,0.5227456258411843
1564,0.6097331240188383
1565,0.5655212580081538
1566,0.5603000577034045
1567,0.6254428341384863
1568,0.47621383030897496
1569,0.5979064039408867
1570,0.5136207352552234
1571,0.5738770685579196
1572,0.5110526315789473
1573,0.5999382143960457
1574,0.5774606006541778
1575,0.5167642362959021
1576,0.5535917901938426
1577,0.519946452
1578,0.48465185924631893
1579,0.5501416430594901
1580,0.5285792052259118
1581,0.5513912549687677
1582,0.6933238129239557
1583,0.5369090406414155
1584,0.5833583658756384
1585,0.4748166259168704
1586,0.5136207352552234
1587,0.6038557213930348
1588,0.570840682
1589,0.6176844783715013
1590,0.5445877734155917
1591,0.4881850175967823
1592,0.6272609819121447
1593,0.5783204288266826
1594,0.5816112608565439
1595,0.4764474975466143
1596,0.5308911973756151
1597,0.3905087472350694
1598,0.4902802322645797
1599,0.4980764298538087
1600,0.5807416267942583
1601,0.4470534069981584
1602,0.5730303924461493
1603,0.6072545340838024
1604,0.5376522702104097
1605,0.5027180947450168
1606,0.5424581005586592
1607,0.5984591679506934
1608,0.4476717381281697
1609,0.5713445130920859
1610,0.5430648769574944
1611,0.6286824214956297
1612,0.6329856584093873
1613,0.43738738738738736
1614,0.5713445130920859
1615,0.5845875978326309
1616,0.5152560360838419
1617,0.5062565172054223
1618,0.546119235
1619,0.5798745894296805
1620,0.5048089420327528
1621,0.5640429857682254
1622,0.5193902112864403
1623,0.4805741153179906
1624,0.5957055214723926
1625,0.5304561595192571
1626,0.5728613569321533
1627,0.545199326
1628,0.529011169
1629,0.47621383030897496
1630,0.5534340267882588
1631,0.47668139420716743
1632,0.5099789915966386
1633,0.5977223761157279
1634,0.5891990291262136
1635,0.5531187695813159
1636,0.5793556085918854
1637,0.553907587
1638,0.5242980561555075
1639,0.46671473203556835
1640,0.5562875966771699
1641,0.6354712041884817
1642,0.5027180947450168
1643,0.5938837920489297
1644,0.6896306818181818
1645,0.7691089108910891
1646,0.48732747804265997
1647,0.6083959899749374
1648,0.5248648648648648
1649,0.6294975688816856
1650,0.5517045454545455
1651,0.5628985507246377
1652,0.5913520097442144
1653,0.5764321757197982
1654,0.5389952817096864
1655,0.5479683972911964
1656,0.5221833826297392
1657,0.5447405329593268
1658,0.5332235035694673
1659,0.5089098532494759
1660,0.589020322
1661,0.5938837920489297
1662,0.5278608317477576
1663,0.5012906556530717
1664,0.5346916299559471
1665,0.5902735562310031
1666,0.525006759
1667,0.6521155137676293
1668,0.5055975006508722
1669,0.5528038713350413
1670,0.5564469914040114
1671,0.5326385079539221
1672,0.5991977784634372
1673,0.5819598441714114
1674,0.545199326
1675,0.5136207352552234
1676,0.5653566229985444
1677,0.5307461054933041
1678,0.677599442
1679,0.6402901417738213
1680,0.5767745767745768
1681,0.5099789915966386
1682,0.5966205837173579
1683,0.5242980561555075
1684,0.5619212962962963
1685,0.5001287664177183
1686,0.5471963933502395
1687,0.5391449194891726
1688,0.5655212580081538
1689,0.5159404888416578
1690,0.5492081447963801
1691,0.5397443023902168
1692,0.4943991853360489
1693,0.5569257241181531
1694,0.5524893314366999
1695,0.5564469914040114
1696,0.5479683972911964
1697,0.5086432687270822
1698,0.529011169
1699,0.5481230595540503
1700,0.531763417
1701,0.5521751492749503
1702,0.5360198730333977
1703,0.5370575221238938
1704,0.5209227467811158
1705,0.48428927680798006
1706,0.5054659031754295
1707,0.5795284989555357
1708,0.6363040629095675
1709,0.4989722507708119
1710,0.4931437277805993
1711,0.5427613191727222
1712,0.5633884537278793
1713,0.5807416267942583
1714,0.5495189586870401
1715,0.5915321352421565
1716,0.5342503438789546
1717,0.557245337
1718,0.5191125367548783
1719,0.3821330184966549
1720,0.5049401976079043
1721,0.5465803546298902
1722,0.5033696215655781
1723,0.5767745767745768
1724,0.5346916299559471
1725,0.48562140535133785
1726,0.6057392389270119
1727,0.5137566137566137
1728,0.5217624932831811
1729,0.5335164835164835
1730,0.5805680119581464
1731,0.5886632312822068
1732,0.6210425327790214
1733,0.5333699533095303
1734,0.6614441416893733
1735,0.5730303924461493
1736,0.5795284989555357
1737,0.5155295991505177
1738,0.49629440327114743
1739,0.6046077210460772
1740,0.5823088455772114
1741,0.6352633300621524
1742,0.5949754901960784
1743,0.5537496435700029
1744,0.5499858397054659
1745,0.5958883092973305
1746,0.49756597489110943
1747,0.4943991853360489
1748,0.5528038713350413
1749,0.5301665301665301
1750,0.5342503438789546
1751,0.5054659031754295
1752,0.5570854847963281
1753,0.5847636254140319
1754,0.5606235565819861
1755,0.5632250580046404
1756,0.6407126360936984
1757,0.5224643529728276
1758,0.5908122908427137
1759,0.4868388067184758
1760,0.5748963883955003
1761,0.5177286057051453
1762,0.5470422535211268
1763,0.5738770685579196
1764,0.502978503
1765,0.44046268995237015
1766,0.4504755277197866
1767,0.4805741153179906
1768,0.5730303924461493
1769,0.4419663177059627
1770,0.4925183870149632
1771,0.683081252
1772,0.5375034597287572
1773,0.6497156239544999
1774,0.6673539518900343
1775,0.5838845460012027
1776,0.7434915773353752
1777,0.6108839257628185
1778,0.5766033254156769
1779,0.5245813074014046
1780,0.5089098532494759
1781,0.5614339404452153
1782,0.5958883092973305
1783,0.6488473103909121
1784,0.5622466705269253
1785,0.5450463092899243
1786,0.5178666666666667
1787,0.6580820060996272
1788,0.5261446762395015
1789,0.6338120104438643
1790,0.5937022317334149
1791,0.5177286057051453
1792,0.4852573713143428
1793,0.6268560361523564
1794,0.5129424194400423
1795,0.5824835032993402
1796,0.5542237442922374
1797,0.5126715945089757
1798,0.511725955
1799,0.6260477111540941
1800,0.5513912549687677
1801,0.511725955
1802,0.5752369668246445
1803,0.6145569620253165
1804,0.7336607480166226
1805,0.5624094989863887
1806,0.5590097869890616
1807,0.6811645036829183
1808,0.623835528
1809,0.6896306818181818
1810,0.6053615960099751
1811,0.5202250200910795
1812,0.6990640748740101
1813,0.47365853658536583
1814,0.6061173533083646
1815,0.5436730123180291
1816,0.6151409566043713
1817,0.5510783200908059
1818,0.609159348
1819,0.5261446762395015
1820,0.6814035087719298
1821,0.6082054494206076
1822,0.49910048830634796
1823,0.6070647077211628
1824,0.5754074074074074
1825,0.7565251266069342
1826,0.6973070017953321
1827,0.5666763933469506
1828,0.50904325
1829,0.5529612756264237
1830,0.7480739599383667
1831,0.6609938733832539
1832,0.5481230595540503
1833,0.6352633300621524
1834,0.6886524822695036
1835,0.710054845
1836,0.6159213447510308
1837,0.5284353741496599
1838,0.8517543859649123
1839,0.5082439152054437
1840,0.5984591679506934
1841,0.5093102543928665
1842,0.6560810810810811
1843,0.6659807956104252
1844,0.7968814115716044
1845,0.7381223869251236
1846,0.6995677233429395
1847,0.7972085385878489
1848,0.7038782167451976
1849,0.5143008474576272
1850,0.5550157187767933
1851,0.8091666666666667
1852,0.7333836858006042
1853,0.6272609819121447
1854,0.5962542216763893
1855,0.6025442134657152
1856,0.6857344632768362
1857,0.6321614583333334
1858,0.7836965294592413
1859,0.8018166804293972
1860,0.6246381473142489
1861,0.7152854511970534
1862,0.580394501
1863,0.6567467027392627
1864,0.6896306818181818
1865,0.7808604744672296
1866,0.6666666666666666
1867,0.5648632926119838
1868,0.5946111451316595
1869,0.6852505292872265
1870,0.5346916299559471
1871,0.6222364626722204
1872,0.7005772005772006
1873,0.5643708224353385
1874,0.6627986348122867
1875,0.6321614583333334
1876,0.5319090660093125
1877,0.7386839102320274
1878,0.6968066020810908
1879,0.6740715029503644
1880,0.5805680119581464
1881,0.7574102964118564
1882,0.7205936920222634
1883,0.7336607480166226
1884,0.6190627988524068
1885,0.7768
1886,0.5828331332533013
1887,0.5476593344613649
1888,0.5007735946364105
1889,0.6078247261345853
1890,0.6453971419076105
1891,0.5596541786743516
1892,0.6383957922419461
1893,0.8225328250741212
1894,0.7168696936138796
1895,0.5769459298871064
1896,0.5002575991756827
1897,0.6147515036403925
1898,0.5650276403840558
1899,0.6216389244558259
1900,0.6935714285714286
1901,0.7295266716754321
1902,0.7203264094955489
1903,0.5529612756264237
1904,0.8211416490486257
1905,0.5102469784550709
1906,0.581437126
1907,0.641771315
1908,0.6032929481205344
1909,0.6327794069729553
1910,0.5245813074014046
1911,0.640924092
1912,0.8031430934656741
1913,0.7415043909889271
1914,0.8807256235827664
1915,0.6547538772757923
1916,0.6738376127689105
1917,0.7295266716754321
1918,0.6641586867305062
1919,0.6272609819121447
1920,0.5493635077793494
1921,0.6757132915796799
1922,0.5011612903225806
1923,0.6135860979462875
1924,0.5407964355332776
1925,0.7292527224934284
1926,0.5507657402155417
1927,0.6554168072899089
1928,0.5369090406414155
1929,0.7008300252616384
1930,0.6560810810810811
1931,0.5771173848439821
1932,0.5436730123180291
1933,0.5731995277449823
1934,0.49402187738488934
1935,0.42503830159772377
1936,0.4907758402830427
1937,0.47170269613796456
1938,0.4607354685646501
1939,0.3857767183154549
1940,0.5261446762395015
1941,0.5113217482885729
1942,0.42653195695146057
