Node,Pagerank 
0,0.001562531
1,0.000375991
2,0.000155673
3,0.00029649
4,0.000426847
5,0.00070122
6,0.000492415
7,0.001259614
8,0.000602281
9,0.000197745
10,9.50E-05
11,0.000419934
12,0.000881431
13,0.000167181
14,0.000420041
15,0.000490317
16,0.000691168
17,0.000638496
18,0.000549939
19,0.001394027
20,0.000472876
21,9.94E-05
22,0.000229848
23,0.000849367
24,0.000836845
25,0.000570024
26,0.000129988
27,0.000260671
28,0.000102257
29,0.000183867
30,0.000472236
31,0.000211534
32,0.000453527
33,0.000186074
34,0.000247816
35,0.000169116
36,0.000752844
37,0.000563384
38,0.000306359
39,0.000619629
40,0.000318613
41,0.000179619
42,0.000239398
43,0.000134789
44,0.000306488
45,0.000664198
46,0.000721311
47,0.000178198
48,0.000336619
49,0.001361112
50,0.000109968
51,0.000793619
52,0.000269706
53,0.000990949
54,0.000549642
55,0.000842782
56,0.000166643
57,0.000158187
58,0.000421612
59,0.000129712
60,0.000155693
61,0.000271916
62,0.000628939
63,0.001081614
64,0.000322551
65,0.000297015
66,0.000283451
67,0.000432645
68,0.000575839
69,0.000396112
70,0.000724851
71,0.000990443
72,0.000671295
73,0.000592347
74,0.00019686
75,0.000426685
76,0.000879066
77,0.000176778
78,0.000187204
79,0.000319977
80,0.000321452
81,0.001002822
82,0.000578557
83,0.000182043
84,0.000558896
85,0.00044196
86,0.000202621
87,0.000517182
88,0.00012729
89,0.000236585
90,0.000786634
91,0.000459833
92,0.000279963
93,0.000595179
94,0.000467637
95,0.000744053
96,0.00105774
97,0.00038898
98,0.00047437
99,0.000643272
100,0.000141461
101,0.00156919
102,0.000398146
103,0.00073517
104,0.00050467
105,0.000810628
106,0.000502574
107,0.000458715
108,0.000943379
109,0.000244554
110,0.000136492
111,0.000534481
112,0.000176991
113,0.001134195
114,0.00011702
115,0.000470594
116,0.000510446
117,0.000145787
118,0.00042602
119,0.001159043
120,0.000217675
121,0.000249753
122,0.000349787
123,0.000497603
124,0.001350886
125,0.000564586
126,0.000688223
127,0.000513578
128,0.000305916
129,0.00103145
130,0.000748356
131,0.000344077
132,0.000122841
133,0.000589334
134,0.00015181
135,0.000862878
136,0.000499739
137,0.000556897
138,0.000517608
139,0.000620239
140,0.000376645
141,0.000545882
142,0.000516593
143,0.000543995
144,0.000308605
145,0.000328219
146,0.000773191
147,0.000729717
148,0.000504165
149,0.000807909
150,0.000562674
151,0.000699387
152,0.00035394
153,0.000100775
154,0.000670423
155,0.000663837
156,0.000870645
157,0.000153622
158,0.000230055
159,0.000202356
160,0.000951826
161,0.000626998
162,0.000228272
163,0.00028036
164,0.000536687
165,0.000838243
166,0.000213347
167,0.000538336
168,0.00072716
169,0.000640368
170,0.000627817
171,0.000522821
172,0.000337924
173,0.000718775
174,0.00010294
175,0.000268958
176,0.000488251
177,0.000275233
178,0.000711468
179,0.000205347
180,0.000239303
181,0.000505673
182,0.001018467
183,0.000872887
184,0.000464337
185,0.000787177
186,0.00033375
187,0.000880096
188,0.000584217
189,0.000118623
190,9.84E-05
191,0.000447698
192,0.000946461
193,0.000428862
194,0.000111749
195,0.000286638
196,0.000706205
197,0.000442501
198,0.000589334
199,0.000855098
200,0.000595331
201,0.000272335
202,0.000785784
203,0.000834295
204,0.000178734
205,0.000254435
206,0.000663105
207,0.000236167
208,0.000574813
209,0.000287454
210,0.000654343
211,0.000620913
212,9.86E-05
213,0.000152928
214,0.00093847
215,0.000352407
216,0.000658662
217,0.000818917
218,0.000786857
219,0.000913611
220,0.000944606
221,0.00049385
222,0.0006455
223,0.000309008
224,0.000275883
225,0.000589949
226,0.000482162
227,0.000389489
228,0.000783597
229,0.000153195
230,0.000544949
231,0.000855484
232,0.000701037
233,0.000305193
234,0.000806804
235,0.000247238
236,0.000205146
237,0.000265246
238,0.000509984
239,0.000157594
240,0.000215317
241,0.000562812
242,0.00033626
243,0.00083805
244,0.0005309
245,0.00064315
246,0.00044596
247,0.000164413
248,0.000571368
249,0.0001419
250,0.000139527
251,0.000482398
252,0.00015205
253,0.000211589
254,0.000118178
255,0.000298406
256,0.000322456
257,0.00063676
258,0.000199986
259,0.000704164
260,0.000417458
261,0.000583048
262,0.001111762
263,0.000740453
264,0.000318746
265,0.000637144
266,0.000274124
267,0.000493288
268,0.000469587
269,0.000617919
270,0.000292553
271,0.001470367
272,0.000435869
273,0.000184527
274,0.000528287
275,0.000339014
276,0.000204436
277,0.000508242
278,0.000555558
279,0.000575153
280,0.000340859
281,0.000118243
282,0.000136615
283,0.000628321
284,0.000388645
285,0.000615825
286,0.000518861
287,0.000486656
288,0.000460086
289,0.001189478
290,0.001055042
291,0.001106698
292,0.000486385
293,0.000258517
294,0.00064985
295,0.000680994
296,0.000137661
297,0.000629929
298,0.000828806
299,0.000491891
300,0.00096738
301,0.000563441
302,0.000340893
303,0.000438488
304,0.000206419
305,9.80E-05
306,0.000147476
307,0.0004017
308,0.000671943
309,0.000373314
310,0.000523585
311,0.00076088
312,0.000325782
313,0.000447654
314,0.001110286
315,9.78E-05
316,0.00017508
317,0.000148392
318,0.000314846
319,0.000700876
320,0.000439192
321,0.000698244
322,0.000565337
323,0.000143809
324,0.000103317
325,0.000287771
326,0.000478945
327,0.000588799
328,0.000453421
329,0.000230864
330,0.000477392
331,0.000784729
332,0.000598483
333,0.00028097
334,0.000326769
335,0.000125553
336,0.000136316
337,0.000352203
338,0.000647918
339,0.000188649
340,0.000634577
341,0.000331723
342,0.000312358
343,0.001003941
344,0.000424203
345,0.000465064
346,0.000638287
347,0.000545189
348,0.001180739
349,0.000422199
350,0.000665681
351,0.000422334
352,0.000940057
353,0.000295266
354,0.000381218
355,0.000187999
356,0.000135512
357,0.00102596
358,0.000485529
359,0.000588684
360,0.000111337
361,0.000455686
362,0.000380361
363,0.000406578
364,0.000252732
365,0.000125691
366,0.000366601
367,0.00010811
368,0.000124028
369,0.000491505
370,0.000106146
371,0.001765098
372,0.000199337
373,0.000530394
374,0.000152326
375,0.000319452
376,0.000135868
377,0.000183882
378,0.000433299
379,0.000363141
380,0.000679323
381,0.000153167
382,0.000127264
383,0.000712142
384,0.000382428
385,0.000174179
386,0.00029104
387,0.000744537
388,0.000265246
389,0.001078266
390,0.000939637
391,0.000441386
392,0.000761696
393,0.000319531
394,0.000574507
395,0.000288115
396,0.000527413
397,0.000200672
398,0.000632007
399,0.000205064
400,0.000703825
401,0.000190843
402,0.000480946
403,0.00014141
404,0.00056348
405,0.000195401
406,0.000171177
407,0.000116028
408,0.000241187
409,0.000138677
410,0.000471742
411,0.000390546
412,0.000675949
413,0.000119413
414,0.000285714
415,0.0004999
416,0.000693832
417,0.000267406
418,0.000484227
419,0.000123407
420,0.000176215
421,0.000686009
422,0.000588799
423,0.000451206
424,0.000425529
425,0.000226898
426,0.000459686
427,0.00031643
428,0.00010234
429,0.00047834
430,0.000546375
431,0.000107629
432,0.000480411
433,0.000250493
434,0.00068322
435,0.000358594
436,0.000527472
437,0.000387946
438,0.000935959
439,0.000399785
440,0.00023512
441,0.000186618
442,0.000561231
443,0.000807571
444,0.000823499
445,0.000173353
446,0.000373567
447,0.000408845
448,0.000606867
449,0.000597224
450,0.000368861
451,0.000342978
452,0.000578899
453,0.000348373
454,0.000686064
455,0.000673041
456,0.000541622
457,0.000467625
458,0.000929277
459,0.000158636
460,0.000767165
461,0.001208051
462,0.000706166
463,0.000918804
464,0.000803657
465,9.68E-05
466,0.000278716
467,0.000214809
468,0.000569781
469,0.000401146
470,0.000532243
471,0.000339969
472,0.000371318
473,0.000429936
474,0.000637697
475,0.000321504
476,0.000112655
477,0.000258539
478,9.51E-05
479,0.00010647
480,0.000290951
481,0.000205364
482,0.00035448
483,0.000445803
484,0.000436908
485,0.000170871
486,0.000747742
487,0.000926862
488,0.000831457
489,0.000254379
490,0.000470279
491,0.000121377
492,0.000145683
493,0.000500913
494,0.000139131
495,0.00035313
496,0.000811742
497,0.000910731
498,0.000439934
499,0.000463915
500,0.000646614
501,0.000127312
502,0.000622424
503,0.000156658
504,0.000464766
505,0.000704874
506,0.000753501
507,0.001017851
508,0.000365533
509,0.000333446
510,0.000558965
511,0.000259128
512,0.000485537
513,0.000587935
514,0.000540765
515,0.000148402
516,0.00047289
517,0.000488195
518,0.000360309
519,0.000456227
520,0.000430929
521,0.000108103
522,0.000793549
523,0.000913335
524,0.000336342
525,0.000800063
526,0.000535003
527,0.000531202
528,0.000815869
529,0.000189715
530,0.000465478
531,0.000447984
532,0.000286155
533,0.00066853
534,0.000597464
535,0.000137241
536,0.000764177
537,0.000503589
538,0.000825839
539,0.000454933
540,0.000519526
541,0.000434199
542,0.000111611
543,0.000724023
544,0.000281116
545,0.000126204
546,0.000437557
547,0.000491973
548,0.000683067
549,0.000385342
550,0.001031087
551,0.000360292
552,0.000130247
553,0.000705959
554,0.000559201
555,0.000422948
556,0.000126281
557,0.000455917
558,0.000230741
559,0.000794472
560,0.000511192
561,0.000246486
562,0.000535223
563,0.000645392
564,0.000107414
565,0.000184949
566,0.000427908
567,0.000458494
568,0.000864132
569,0.00046389
570,0.000342414
571,0.000806349
572,0.000584324
573,0.000579807
574,0.000649906
575,0.000240354
576,0.000373833
577,0.000217676
578,0.000192377
579,0.0001893
580,0.00043958
581,0.000276621
582,0.000426646
583,0.000293367
584,0.000487606
585,0.0005466
586,0.000185047
587,0.000111165
588,0.000482572
589,0.000414626
590,0.000317763
591,0.000258234
592,0.000416914
593,0.000178213
594,0.000117015
595,0.000937717
596,0.000974997
597,0.000452264
598,0.000580915
599,0.000194567
600,0.000671267
601,9.54E-05
602,0.000563361
603,0.000185593
604,0.000502461
605,0.000166253
606,0.000536326
607,0.000141786
608,0.000112377
609,0.000414215
610,0.000536753
611,0.000260891
612,0.000542711
613,0.000488556
614,0.000202283
615,0.000603058
616,0.000379373
617,0.000847063
618,0.000144796
619,0.00032062
620,0.000489074
621,0.001126298
622,0.000984724
623,0.001051579
624,0.000643871
625,0.001117813
626,0.000654122
627,0.001812058
628,0.000240035
629,0.000372006
630,0.00032021
631,0.000217336
632,0.000283575
633,0.000639947
634,0.000111905
635,0.000483796
636,0.000154722
637,0.000909577
638,0.000155051
639,0.000143446
640,0.00030158
641,0.000362606
642,0.000454516
643,0.000127
644,0.000653311
645,0.00082687
646,0.000196085
647,0.000904571
648,0.000534981
649,0.000739378
650,0.000170561
651,0.000147334
652,0.000328735
653,0.000389652
654,0.000424668
655,0.000599617
656,0.00021995
657,0.000215385
658,0.000451968
659,0.000296316
660,0.000929187
661,0.000792704
662,0.000592599
663,0.00060366
664,0.0004148
665,0.000378829
666,0.000665971
667,0.000611897
668,0.000141658
669,0.000470705
670,0.00046897
671,0.00013526
672,0.000310141
673,0.000610627
674,0.000875595
675,0.000308806
676,0.000389434
677,0.000585644
678,9.69E-05
679,0.000696202
680,0.000196035
681,0.000729652
682,0.000437401
683,0.000531371
684,0.000430444
685,0.000181324
686,0.000172679
687,0.000684172
688,0.000468396
689,0.0006082
690,0.000541374
691,0.000517
692,0.000616751
693,0.000273568
694,9.96E-05
695,0.000327902
696,0.000483053
697,0.000137083
698,0.000309274
699,0.00033229
700,0.000689542
701,0.000134695
702,0.000454384
703,0.000764603
704,0.000339197
705,0.0002573
706,9.93E-05
707,0.00010529
708,0.000259128
709,0.000524518
710,0.000312452
711,0.000376502
712,0.000647013
713,0.000434928
714,0.000175872
715,0.0003423
716,0.000182943
717,0.000163779
718,0.000338384
719,0.000106049
720,0.000166116
721,0.000138391
722,0.000690578
723,0.000362217
724,0.000428113
725,0.000351335
726,0.00029225
727,0.000454791
728,0.00073456
729,0.000462864
730,0.000532361
731,0.000674549
732,0.000139756
733,0.000438347
734,0.000610734
735,0.000503719
736,0.000148935
737,0.001003456
738,0.00029176
739,0.000116277
740,0.000488052
741,0.000267615
742,0.000232724
743,0.000505376
744,0.000223206
745,0.000321287
746,0.00017173
747,0.000281741
748,0.000257204
749,0.000536662
750,0.000783431
751,0.000207706
752,0.00012182
753,0.000513886
754,0.000139434
755,0.001260595
756,0.001255029
757,0.000861629
758,0.000223322
759,0.000589396
760,0.000142141
761,0.000279301
762,0.000471313
763,0.000587772
764,0.000399348
765,0.000252502
766,0.000517672
767,0.000659969
768,9.59E-05
769,0.000419039
770,0.000535448
771,0.000579731
772,0.000611506
773,0.000183859
774,0.000588527
775,0.001144164
776,0.00045523
777,0.000247833
778,0.000374972
779,0.000165132
780,0.000484738
781,0.000324587
782,0.001113719
783,0.001051034
784,9.81E-05
785,0.000387525
786,0.000363016
787,0.000513104
788,0.000380099
789,0.000678352
790,0.000554585
791,0.00034136
792,0.000764752
793,0.000186078
794,0.000520694
795,0.000652471
796,0.000327845
797,0.000567538
798,0.000647091
799,0.000398937
800,0.000922347
801,0.000348003
802,0.000124904
803,0.000396881
804,0.001188461
805,0.000867465
806,0.000175247
807,0.000464563
808,0.000436477
809,0.001238012
810,0.000428344
811,0.001291884
812,0.000123195
813,0.000570539
814,0.000168472
815,0.000595303
816,0.000658421
817,0.000495773
818,0.001036355
819,0.000716585
820,0.000557083
821,0.000337038
822,0.000259207
823,0.000368354
824,0.000299261
825,0.000529196
826,0.000659719
827,0.000817345
828,0.000664298
829,0.0001241
830,0.000305399
831,0.000272755
832,0.000636928
833,0.000327155
834,0.000570392
835,0.000148714
836,0.000832892
837,0.000256918
838,0.0006418
839,0.000120215
840,0.000430683
841,0.000106352
842,0.000222879
843,0.000201011
844,9.90E-05
845,0.000113104
846,0.000157998
847,0.000330271
848,0.000529967
849,0.00040202
850,0.000829873
851,0.000974614
852,0.000137404
853,0.000136787
854,0.000840214
855,0.000562852
856,0.000122297
857,0.000124777
858,0.000468422
859,0.000382717
860,0.000183906
861,0.000111327
862,0.000272661
863,0.000260127
864,0.000244278
865,0.000559163
866,0.000176897
867,0.000631128
868,0.000327707
869,0.000112344
870,0.000455325
871,0.000744475
872,0.000423629
873,0.00015345
874,0.000518939
875,0.000490673
876,0.000755119
877,0.000179813
878,0.000645826
879,0.000344877
880,0.001657234
881,0.000769772
882,0.000666145
883,0.000740353
884,0.000891138
885,0.000513567
886,0.001442606
887,0.00071551
888,0.001001776
889,0.001865507
890,0.000412692
891,0.000145053
892,0.000217875
893,0.000144417
894,0.000716887
895,0.000416438
896,0.000441175
897,0.000161607
898,0.000607762
899,0.000817111
900,0.000450684
901,0.000466788
902,0.000123848
903,0.000256123
904,0.000689384
905,0.000640672
906,0.001433162
907,0.001027325
908,0.000447281
909,0.000262988
910,0.001027567
911,0.000257117
912,0.000548277
913,0.000406893
914,0.000864493
915,0.000379679
916,0.000269213
917,0.001174216
918,0.000888415
919,0.000526655
920,0.000750646
921,0.000190175
922,0.001235551
923,0.000490451
924,0.000205051
925,0.000125028
926,0.00016258
927,0.000554278
928,0.000828643
929,0.000380869
930,0.000442484
931,0.000805063
932,0.000714532
933,0.000896395
934,0.000428332
935,0.000842189
936,0.000160969
937,0.000979292
938,0.000262047
939,0.000496261
940,0.000206553
941,0.000772399
942,0.000682541
943,0.000307744
944,0.001245639
945,0.000898803
946,0.000916253
947,0.000245441
948,0.000508944
949,0.000336415
950,0.000120212
951,0.000559792
952,0.000295798
953,0.000304271
954,0.000418289
955,0.000794483
956,0.000528074
957,0.000412975
958,0.000752243
959,0.000962992
960,0.000277094
961,0.000117061
962,0.000299134
963,0.00038272
964,0.000761989
965,0.000265169
966,0.0007869
967,0.000681496
968,0.00088288
969,0.000202039
970,0.000803935
971,0.000321292
972,0.000270709
973,0.000486343
974,0.000400991
975,0.000239967
976,0.00011024
977,0.000367184
978,0.000537965
979,0.000608307
980,0.000697645
981,0.000641146
982,0.000571284
983,0.000481394
984,0.000318272
985,0.001493684
986,0.000186607
987,0.000303167
988,0.000483876
989,0.000460441
990,0.000169194
991,0.000393522
992,0.000407625
993,0.00076329
994,0.001038551
995,0.000357816
996,0.000529151
997,0.000822556
998,0.000204497
999,0.000610111
1000,0.000368013
1001,0.000110313
1002,9.91E-05
1003,0.000425217
1004,0.000312759
1005,0.000614585
1006,0.000370808
1007,0.000440042
1008,0.000256884
1009,0.000165391
1010,0.000936289
1011,0.000730847
1012,0.000202562
1013,0.000461157
1014,0.000522899
1015,0.000691555
1016,0.000252225
1017,0.000979963
1018,0.000693902
1019,0.000215526
1020,0.000799272
1021,0.00074045
1022,0.000568454
1023,0.000306176
1024,0.000817765
1025,0.000449578
1026,0.000705708
1027,0.000591985
1028,0.000217132
1029,0.000558348
1030,0.000338072
1031,0.000484717
1032,0.000353161
1033,0.000990735
1034,0.000774287
1035,0.000732057
1036,0.000790151
1037,0.000684008
1038,0.000331682
1039,0.000144468
1040,0.000402205
1041,0.00063406
1042,0.000718734
1043,0.000265266
1044,0.000857665
1045,0.000359013
1046,0.000326413
1047,0.000208788
1048,0.000714232
1049,0.000501297
1050,0.000217388
1051,0.000357247
1052,0.001053867
1053,0.000815942
1054,0.000290735
1055,9.55E-05
1056,0.000583259
1057,0.001330102
1058,0.000276447
1059,0.000416424
1060,0.000118753
1061,0.000518009
1062,0.000863093
1063,0.000466928
1064,0.000202019
1065,0.000115033
1066,0.000207078
1067,0.000509797
1068,0.000817358
1069,0.000261892
1070,0.000115977
1071,0.000600924
1072,0.000608125
1073,0.000560467
1074,0.00093454
1075,0.000446275
1076,0.000334054
1077,0.000760669
1078,0.000100489
1079,0.000655209
1080,0.000145405
1081,0.000505461
1082,0.000570396
1083,0.000592659
1084,0.001008741
1085,0.000644326
1086,0.000584205
1087,0.000665475
1088,0.000168723
1089,0.000605045
1090,0.000640668
1091,0.000239319
1092,0.00011682
1093,0.000229084
1094,0.000774728
1095,0.000379106
1096,0.000132507
1097,0.000631152
1098,0.000280841
1099,0.00084224
1100,0.000689201
1101,0.000249735
1102,0.001000899
1103,0.000655005
1104,0.000473896
1105,0.000432189
1106,0.000300439
1107,0.000111637
1108,0.000266295
1109,0.000153426
1110,0.000564456
1111,0.000347713
1112,0.000250242
1113,0.000440904
1114,0.000630812
1115,0.000153088
1116,0.00014882
1117,0.000240356
1118,0.000513979
1119,0.000338549
1120,0.00017237
1121,0.000159456
1122,0.000610531
1123,0.000458176
1124,0.000128416
1125,0.000877893
1126,0.000604908
1127,0.000559347
1128,0.000440234
1129,0.000526095
1130,0.000644753
1131,0.000172826
1132,0.000196653
1133,0.000644339
1134,0.000973363
1135,0.000255224
1136,0.00047268
1137,0.00065831
1138,0.000504884
1139,0.000754659
1140,0.000199932
1141,0.000692764
1142,0.000715038
1143,0.000340414
1144,0.000342519
1145,0.000854927
1146,0.00048906
1147,0.000795837
1148,0.001175133
1149,0.001310574
1150,0.000796884
1151,0.000529349
1152,0.000876408
1153,0.000498839
1154,0.000440598
1155,0.000218822
1156,0.000862096
1157,0.000423555
1158,0.000538199
1159,0.000338362
1160,0.000485333
1161,0.000274054
1162,0.000655128
1163,0.00114968
1164,0.000608906
1165,0.000123135
1166,0.000451239
1167,0.000203668
1168,0.001014096
1169,0.000606189
1170,0.000520096
1171,0.000635189
1172,0.00064558
1173,0.000224437
1174,0.000132736
1175,0.000201242
1176,0.000279938
1177,0.000414432
1178,0.000649862
1179,0.000183414
1180,0.000247905
1181,0.000433255
1182,0.000113396
1183,0.000110822
1184,0.001148215
1185,0.000136625
1186,0.00013442
1187,0.000510332
1188,0.000421925
1189,0.000666763
1190,0.000164909
1191,0.000631059
1192,0.000789055
1193,0.000695246
1194,0.000784038
1195,0.0006429
1196,0.000110074
1197,0.000633319
1198,0.000500896
1199,0.000810331
1200,0.00105259
1201,0.000342993
1202,0.000128589
1203,0.000320246
1204,0.000190047
1205,0.000179539
1206,0.000585728
1207,0.00065304
1208,0.000231826
1209,0.000345364
1210,0.000864326
1211,0.001277647
1212,0.001154465
1213,0.000577162
1214,0.000474694
1215,0.000895607
1216,0.000460956
1217,0.000152374
1218,0.000350741
1219,0.000135934
1220,0.000591108
1221,0.000286453
1222,0.000533578
1223,0.000445603
1224,0.000861875
1225,0.000701462
1226,0.001145251
1227,0.001079861
1228,0.00059927
1229,0.00041899
1230,0.000391411
1231,0.000777482
1232,0.000333596
1233,0.000502469
1234,0.000138415
1235,0.001163777
1236,0.000564995
1237,0.000743687
1238,0.000126688
1239,0.00021234
1240,0.000423964
1241,0.000183678
1242,0.000114967
1243,0.000469607
1244,0.000218652
1245,0.000410942
1246,0.00015217
1247,0.000301819
1248,0.000212837
1249,0.000856163
1250,0.000321717
1251,0.000353443
1252,0.000128947
1253,0.000357148
1254,0.0001348
1255,0.000686965
1256,0.000617089
1257,0.000458465
1258,0.000921376
1259,0.001333683
1260,0.000267467
1261,0.000248094
1262,0.000483546
1263,0.000926103
1264,0.001222461
1265,0.000496977
1266,0.000480978
1267,0.000108936
1268,0.000645317
1269,0.001268062
1270,0.000356443
1271,0.000249005
1272,0.000672704
1273,0.000211351
1274,0.0006945
1275,0.000129807
1276,0.000286316
1277,0.000422721
1278,0.000419604
1279,0.000507541
1280,0.000844466
1281,0.000227249
1282,0.000216306
1283,0.000365945
1284,0.000193787
1285,0.000340408
1286,0.000207005
1287,0.000676355
1288,0.000856757
1289,0.000280473
1290,0.00027663
1291,0.000351143
1292,0.000556488
1293,0.000125907
1294,0.00082919
1295,0.000588799
1296,0.000970595
1297,0.000589194
1298,0.000627636
1299,0.000109227
1300,0.000141815
1301,0.000610034
1302,0.000566156
1303,0.001087862
1304,0.000634353
1305,0.000652467
1306,0.000591654
1307,0.000116809
1308,0.000570671
1309,0.000456808
1310,0.001074906
1311,0.000577092
1312,0.000839188
1313,0.000298094
1314,0.000667795
1315,0.000546605
1316,0.000373693
1317,0.001024454
1318,0.000622509
1319,0.000270967
1320,0.000112338
1321,0.00099359
1322,0.000265526
1323,0.00082816
1324,0.000708845
1325,0.000492461
1326,0.000434586
1327,0.000236241
1328,0.000647657
1329,0.000772316
1330,0.000687546
1331,0.000742633
1332,0.000269401
1333,0.000748133
1334,0.00043613
1335,0.000106823
1336,0.000154505
1337,0.000130445
1338,0.000246651
1339,0.000584219
1340,0.000450097
1341,0.000567112
1342,0.000134477
1343,0.00025398
1344,0.000334488
1345,0.000144515
1346,0.001016465
1347,0.000567114
1348,0.000453415
1349,0.000684907
1350,0.000110313
1351,0.000403418
1352,0.000118123
1353,0.000496355
1354,0.000781768
1355,0.000597119
1356,0.00066186
1357,0.00052294
1358,0.000607431
1359,0.000442028
1360,0.000529037
1361,0.000161966
1362,0.000501043
1363,0.000429981
1364,0.000378622
1365,0.000746818
1366,0.000435412
1367,0.00079138
1368,0.000643797
1369,0.000830834
1370,0.000457502
1371,0.00051142
1372,0.000503925
1373,0.000595713
1374,0.000457648
1375,0.000364267
1376,0.000141818
1377,0.000428017
1378,0.000229548
1379,0.000528615
1380,0.000291245
1381,0.000570885
1382,0.000523557
1383,0.000738497
1384,0.000335472
1385,0.000449954
1386,0.000150025
1387,0.000329062
1388,0.000966037
1389,0.000111231
1390,0.000425167
1391,0.000538484
1392,0.000470191
1393,0.000484972
1394,0.000755402
1395,0.000103694
1396,0.000574081
1397,0.000224293
1398,0.000572657
1399,0.000158811
1400,0.000934468
1401,0.000477485
1402,0.000755766
1403,0.000664093
1404,0.000190973
1405,0.000589313
1406,0.000429046
1407,0.000769856
1408,0.000177692
1409,0.000153212
1410,0.000874821
1411,0.000457833
1412,0.000441553
1413,0.000137618
1414,0.000621959
1415,0.000211573
1416,0.000106541
1417,0.000201987
1418,0.000690025
1419,0.000440309
1420,0.000737012
1421,0.000518051
1422,0.000144569
1423,0.000513572
1424,0.000817365
1425,0.000296643
1426,0.000596548
1427,0.000250596
1428,0.000212355
1429,0.000411837
1430,0.000436996
1431,0.00059098
1432,0.000774807
1433,0.000676586
1434,0.000814953
1435,0.000242726
1436,0.000274377
1437,0.000671232
1438,0.000995217
1439,0.000446635
1440,0.000847115
1441,0.000572196
1442,0.000198565
1443,0.00036753
1444,0.000333354
1445,0.000550709
1446,0.0004292
1447,0.000180836
1448,0.000314824
1449,0.000315584
1450,0.000407948
1451,0.000871361
1452,0.000782739
1453,0.000329324
1454,0.00020244
1455,0.000564686
1456,0.000465512
1457,0.000315562
1458,0.000616388
1459,0.000382353
1460,0.000560777
1461,0.000472697
1462,0.000111863
1463,0.000548241
1464,0.000784277
1465,0.000530121
1466,0.000316347
1467,0.000536879
1468,0.000132889
1469,0.000367884
1470,0.000738355
1471,0.000513261
1472,0.000313213
1473,0.000531919
1474,0.000693397
1475,0.000680707
1476,0.000528828
1477,0.000471846
1478,0.000451614
1479,0.000250175
1480,0.000216739
1481,0.000783319
1482,0.000922195
1483,0.000140828
1484,0.000312381
1485,0.000117232
1486,0.000558097
1487,0.000158288
1488,0.000106049
1489,0.000152857
1490,0.00079063
1491,0.000510918
1492,0.000229684
1493,0.000675836
1494,0.000625907
1495,0.000266958
1496,0.000534329
1497,0.000302753
1498,0.000268341
1499,0.000522823
1500,0.000613839
1501,0.000327197
1502,0.000164216
1503,0.000313915
1504,0.000220091
1505,0.000656321
1506,0.000558675
1507,0.000486664
1508,0.000109942
1509,0.000779644
1510,0.000434293
1511,0.000152844
1512,0.000625859
1513,9.78E-05
1514,0.000272856
1515,0.00060942
1516,0.000472252
1517,0.000549941
1518,0.000697301
1519,0.000613841
1520,0.000642405
1521,0.000635628
1522,0.00075477
1523,0.000631101
1524,0.001089744
1525,0.000198774
1526,0.0001404
1527,0.000528123
1528,0.000972272
1529,0.000429056
1530,0.000682629
1531,0.000874008
1532,0.000523693
1533,0.000878292
1534,0.00096022
1535,0.000554095
1536,0.000287695
1537,0.000544882
1538,0.000350486
1539,9.62E-05
1540,0.000877073
1541,0.000378837
1542,0.000345092
1543,0.000608229
1544,0.00049692
1545,0.000167442
1546,0.000669032
1547,0.000305386
1548,0.000154279
1549,0.000389891
1550,0.00014747
1551,0.000163002
1552,0.000113954
1553,0.000291679
1554,0.000238813
1555,0.000859586
1556,0.000802425
1557,0.000310906
1558,0.000150318
1559,0.000505722
1560,0.000420079
1561,0.000892738
1562,0.000144503
1563,0.000284721
1564,0.000831337
1565,0.000566171
1566,0.000528685
1567,0.000963131
1568,0.0001239
1569,0.000758027
1570,0.000227371
1571,0.00062657
1572,0.000214238
1573,0.000769002
1574,0.000651735
1575,0.000251433
1576,0.000482283
1577,0.000274234
1578,0.000122042
1579,0.000464043
1580,0.000351194
1581,0.000486857
1582,0.001279199
1583,0.000397609
1584,0.000687189
1585,0.000103027
1586,0.000230972
1587,0.000825336
1588,0.000602479
1589,0.000906392
1590,0.00042457
1591,0.000128893
1592,0.000970056
1593,0.000663245
1594,0.000659462
1595,0.000121243
1596,0.000350906
1597,0.000105977
1598,0.000120212
1599,0.000164657
1600,0.000659381
1601,0.000110074
1602,0.000635163
1603,0.000836429
1604,0.000391324
1605,0.00016749
1606,0.000418405
1607,0.000750857
1608,9.85E-05
1609,0.000588799
1610,0.000435395
1611,0.000940143
1612,0.000979279
1613,0.000116593
1614,0.000588799
1615,0.000704256
1616,0.000234241
1617,0.000195333
1618,0.000436555
1619,0.000670142
1620,0.000188196
1621,0.000551152
1622,0.000265029
1623,0.000128677
1624,0.000750851
1625,0.000334657
1626,0.000610875
1627,0.000434771
1628,0.000338895
1629,0.00010111
1630,0.000491526
1631,9.91E-05
1632,0.000221871
1633,0.000768032
1634,0.00070615
1635,0.000476467
1636,0.00069404
1637,0.000485564
1638,0.000307556
1639,0.000102591
1640,0.000523754
1641,0.000964212
1642,0.000171035
1643,0.00073484
1644,0.001289343
1645,0.001644929
1646,0.000163141
1647,0.000831782
1648,0.000303681
1649,0.000938015
1650,0.000464701
1651,0.00054551
1652,0.000728965
1653,0.000652146
1654,0.000383201
1655,0.000457374
1656,0.000288887
1657,0.000421607
1658,0.000367915
1659,0.000213047
1660,0.000745041
1661,0.000743151
1662,0.00032135
1663,0.000161954
1664,0.000369083
1665,0.000715863
1666,0.000314045
1667,0.001079876
1668,0.000170668
1669,0.000473289
1670,0.000522753
1671,0.000358244
1672,0.000769189
1673,0.000673562
1674,0.000426466
1675,0.000233399
1676,0.000565938
1677,0.00035915
1678,0.001183605
1679,0.000986738
1680,0.00063624
1681,0.000203768
1682,0.000770411
1683,0.000304631
1684,0.00054924
1685,0.000151874
1686,0.000444565
1687,0.000398735
1688,0.000558483
1689,0.000242493
1690,0.000456648
1691,0.000385045
1692,0.000127859
1693,0.00050504
1694,0.000502936
1695,0.000507359
1696,0.000438302
1697,0.000209876
1698,0.000338695
1699,0.000470432
1700,0.000345958
1701,0.000483398
1702,0.00038417
1703,0.000404968
1704,0.000280864
1705,0.000106909
1706,0.000191997
1707,0.000680445
1708,0.000982949
1709,0.000145569
1710,0.000143264
1711,0.000411745
1712,0.000556199
1713,0.000685093
1714,0.000459374
1715,0.000713376
1716,0.000355926
1717,0.000509854
1718,0.000274662
1719,0.000112922
1720,0.000212135
1721,0.000430384
1722,0.000187358
1723,0.000639337
1724,0.000360678
1725,0.000102154
1726,0.000803237
1727,0.000226799
1728,0.000287456
1729,0.00039159
1730,0.000656161
1731,0.000721893
1732,0.000897764
1733,0.000371923
1734,0.001087911
1735,0.000599569
1736,0.0006539
1737,0.000243525
1738,0.00014475
1739,0.000829256
1740,0.000666251
1741,0.00096751
1742,0.000749185
1743,0.000476556
1744,0.00048688
1745,0.000755666
1746,0.000154191
1747,0.000157308
1748,0.00049155
1749,0.000334488
1750,0.000362557
1751,0.00019558
1752,0.000500664
1753,0.000689131
1754,0.000520457
1755,0.000549697
1756,0.000979491
1757,0.000280918
1758,0.000711034
1759,0.000105694
1760,0.000622269
1761,0.000257196
1762,0.00048124
1763,0.000610596
1764,0.000198318
1765,0.000101514
1766,9.66E-05
1767,0.000117953
1768,0.000651827
1769,9.67E-05
1770,0.000118004
1771,0.001238566
1772,0.000386539
1773,0.001127056
1774,0.001124562
1775,0.000698332
1776,0.001519784
1777,0.000849085
1778,0.000629372
1779,0.000299035
1780,0.000200079
1781,0.000545654
1782,0.000774642
1783,0.001050426
1784,0.000548906
1785,0.000440273
1786,0.000258046
1787,0.001113262
1788,0.000312769
1789,0.000974513
1790,0.000739008
1791,0.000266289
1792,0.000107233
1793,0.000919912
1794,0.000220923
1795,0.000673707
1796,0.000491894
1797,0.000221027
1798,0.000226873
1799,0.000940062
1800,0.000471411
1801,0.000212345
1802,0.000637782
1803,0.000878027
1804,0.001438541
1805,0.000578487
1806,0.000523284
1807,0.001231271
1808,0.000938877
1809,0.001230909
1810,0.000814511
1811,0.000265438
1812,0.001317002
1813,9.51E-05
1814,0.000824525
1815,0.000446582
1816,0.000860518
1817,0.000464774
1818,0.000848188
1819,0.000305278
1820,0.001211195
1821,0.00084094
1822,0.00015159
1823,0.00080593
1824,0.000617447
1825,0.001586914
1826,0.001330047
1827,0.000585952
1828,0.000210051
1829,0.000497368
1830,0.001502185
1831,0.001111974
1832,0.000468911
1833,0.000977729
1834,0.001263647
1835,0.001342898
1836,0.000872892
1837,0.000337421
1838,0.001989952
1839,0.000197284
1840,0.0007598
1841,0.000212031
1842,0.001149758
1843,0.001164232
1844,0.00176367
1845,0.001471101
1846,0.00130795
1847,0.001734721
1848,0.001346562
1849,0.000232536
1850,0.000500364
1851,0.001795685
1852,0.001469871
1853,0.000957383
1854,0.000749234
1855,0.000794645
1856,0.00125363
1857,0.000988869
1858,0.001682616
1859,0.001791633
1860,0.000940551
1861,0.001412552
1862,0.000657969
1863,0.001103225
1864,0.001247437
1865,0.001692267
1866,0.001151068
1867,0.000571432
1868,0.000749784
1869,0.001233803
1870,0.000371959
1871,0.000925673
1872,0.001301888
1873,0.000564846
1874,0.001111875
1875,0.000974202
1876,0.000359623
1877,0.001518429
1878,0.001304633
1879,0.001216975
1880,0.000659627
1881,0.001596475
1882,0.001416518
1883,0.001464251
1884,0.000913253
1885,0.001657073
1886,0.000683087
1887,0.000478328
1888,0.000174688
1889,0.000840619
1890,0.001061045
1891,0.000548931
1892,0.000976194
1893,0.001860438
1894,0.001385428
1895,0.000642477
1896,0.000182257
1897,0.000864323
1898,0.000596552
1899,0.000894914
1900,0.001284635
1901,0.001490168
1902,0.001416024
1903,0.000473995
1904,0.001858685
1905,0.000221329
1906,0.000645164
1907,0.001016048
1908,0.000826388
1909,0.000955975
1910,0.000307786
1911,0.001030406
1912,0.001732558
1913,0.001541548
1914,0.002109833
1915,0.001092246
1916,0.001180752
1917,0.001494969
1918,0.001156938
1919,0.000939847
1920,0.000451263
1921,0.001204404
1922,0.000157211
1923,0.000850344
1924,0.000410949
1925,0.001464508
1926,0.000462255
1927,0.001098336
1928,0.000390657
1929,0.001318471
1930,0.001116398
1931,0.000644999
1932,0.000435564
1933,0.000641237
1934,0.000129922
1935,0.000125784
1936,0.000138139
1937,0.000127125
1938,0.000116502
1939,0.000134835
1940,0.000324692
1941,0.000219134
1942,0.00013572
